Compounds Name,aflowlib.org name,,ZX,,,ZAB,,ZAB,mX,,,,mAB,∆mAB,rowX,rowAB,∆rowAB,colX,colAB,∆colAB,eX,eAB,∆eAB,rX,rAB,∆rAB,χX,χAB,∆χAB,alatt,gap,cv,cs,κ˜grain,103P3,κtransf,κforest,κanh,class
AgBaSb,Ag1Ba1Sb1.T0003.CAB,,47,,,53.50,,5,107.87,,,,129.54,15.57,5,5.50,1,11,8.50,13,1.93,1.47,1.16,160,180,70,1.18,1.29,1.58,7.13,0.04,13.48,2.57,0.60,4.78,1.15,0.82,0.17,LOW
AgGaHf,Ag1Ga1Hf1.T0003.CAB,,47,,,51.50,,41,107.87,,,,124.11,108.77,5,5,2,11,8.50,9,1.93,1.55,0.51,160,142.50,25,1.18,1.23,0.91,6.10,0.03,20.91,2.69,0.69,5.38,16.37,3.38,10.75,LOW
AgKTe,Ag1K1Te1.T0003.CAB,,47,,,35.50,,33,107.87,,,,83.35,88.50,5,4.50,1,11,8.50,15,1.93,1.46,1.28,160,180,80,1.18,1.33,1.97,6.83,0.46,15.17,2.08,0.28,11.02,0.25,0.91,0.52,LOW
AgNaTe,Ag1Na1Te1.T0003.CAB,,47,,,31.50,,41,107.87,,,,75.29,104.61,5,4,2,11,8.50,15,1.93,1.51,1.17,160,160,40,1.18,1.36,1.92,6.54,0.13,17.18,2.12,0.48,9.83,1.87,1.68,1.71,LOW
AsAgCa,Ag1As1Ca1.T0003.ABC,,33,,,33.50,,27,74.92,,,,73.97,67.79,4,4.50,1,15,6.50,9,2.18,1.47,0.93,115,170,20,2.16,0.89,0.58,6.42,0.22,17.86,2.58,0.43,5.67,1.84,4.84,1.81,LOW
AsAgSr,Ag1As1Sr1.T0003.ABC,,33,,,42.50,,9,74.92,,,,97.74,20.25,4,5,0,15,6.50,9,2.18,1.44,0.98,115,180,40,2.16,0.86,0.63,6.62,0.08,16.57,2.10,0.52,6.93,0.66,4.70,0.76,LOW
AsBaK,As1Ba1K1.T0003.CAB,,33,,,37.50,,37,74.92,,,,88.21,98.23,4,5,2,15,1.50,1,2.18,0.85,0.07,115,217.50,5,2.16,0.42,0.15,7.61,0.92,11.04,2.02,0.37,7.37,0.78,4.03,2.25,LOW
AsBaNa,As1Ba1Na1.T0003.CAB,,33,,,33.50,,45,74.92,,,,80.16,114.34,4,4.50,3,15,1.50,1,2.18,0.91,0.04,115,197.50,35,2.16,0.45,0.10,7.20,0.94,12.88,2.02,0.61,4.85,1.40,4.59,2.91,LOW
AsCaK,As1Ca1K1.T0003.CAB,,33,,,19.50,,1,74.92,,,,39.59,0.98,4,4,0,15,1.50,1,2.18,0.91,0.18,115,200,40,2.16,0.47,0.25,7.15,1.25,13.07,2.76,0.52,4.33,0.77,3.85,3.03,LOW
AsCaLi,As1Ca1Li1.T0003.CAB,,33,,,11.50,,17,74.92,,,,23.51,33.14,4,3,2,15,1.50,1,2.18,0.99,0.02,115,162.50,35,2.16,0.53,0.15,6.46,1.81,16.79,2.93,0.77,6.95,1.16,4.16,5.41,LOW
AsCaNa,As1Ca1Na1.T0003.CAB,,33,,,15.50,,9,74.92,,,,31.53,17.09,4,3.50,1,15,1.50,1,2.18,0.96,0.07,115,180,0,2.16,0.50,0.20,6.72,1.60,15.50,3.13,0.86,2.58,7.18,4.01,9.19,LOW
AsCrNi,As1Cr1Ni1.T0003.CAB,,33,,,26,,4,74.92,,,,55.34,6.70,4,4,0,15,8,4,2.18,1.78,0.25,115,137.50,5,2.16,0.99,0.20,5.40,0.14,28.54,3.41,2.25,3.23,105.79,6.00,18.79,LOW
AsKMg,As1K1Mg1.T0003.CAB,,33,,,15.50,,7,74.92,,,,31.70,14.79,4,3.50,1,15,1.50,1,2.18,1.06,0.49,115,185,70,2.16,0.81,0.93,6.76,0.50,15.22,2.98,1.09,3.30,3.31,3.92,2.69,LOW
AsKSr,As1K1Sr1.T0003.CAB,,33,,,28.50,,19,74.92,,,,63.36,48.52,4,4.50,1,15,1.50,1,2.18,0.89,0.13,115,210,20,2.16,0.45,0.20,7.37,1.00,12.05,2.42,0.50,4.95,0.96,3.89,3.35,LOW
AsLiMg,As1Li1Mg1.T0003.CAB,,33,,,7.50,,9,74.92,,,,15.62,17.36,4,2.50,1,15,1.50,1,2.18,1.15,0.33,115,147.50,5,2.16,0.86,0.83,6.03,1.37,20.04,3.66,0.99,4.70,3.07,5.14,13.65,LOW
AsLiZn,As1Li1Zn1.T0003.CAB,,33,,,16.50,,27,74.92,,,,36.17,58.47,4,3,2,15,6.50,11,2.18,1.31,0.67,115,140,10,2.16,0.94,0.99,5.80,0.56,22.97,3.24,0.80,5.18,6.21,5.84,11.80,LOW
AsMgNa,As1Mg1Na1.T0003.CAB,,33,,,11.50,,1,74.92,,,,23.65,1.32,4,3,0,15,1.50,1,2.18,1.12,0.38,115,165,30,2.16,0.84,0.88,6.37,0.88,17.85,3.43,0.88,3.66,3.31,4.58,8.33,LOW
AsNaSr,As1Na1Sr1.T0003.CAB,,33,,,24.50,,27,74.92,,,,55.30,64.63,4,4,2,15,1.50,1,2.18,0.94,0.02,115,190,20,2.16,0.47,0.15,6.96,1.28,14.19,2.54,0.77,2.70,7.73,4.01,3.79,LOW
AuAlHf,Al1Au1Hf1.T0003.ABC,,79,,,42.50,,59,196.97,,,,102.74,151.51,6,4.50,3,11,8.50,9,2.54,1.46,0.31,135,140,30,1.16,1.22,0.89,6.16,0.62,19.83,2.89,0.50,5.95,49.58,7.11,16.70,LOW
AuAlTi,Al1Au1Ti1.T0003.ABC,,79,,,17.50,,9,196.97,,,,37.42,20.89,6,3.50,1,11,8.50,9,2.54,1.57,0.07,135,132.50,15,1.16,1.23,0.87,5.99,0.68,20.95,3.37,0.93,3.77,108.01,5.28,24.03,LOW
AuAlZr,Al1Au1Zr1.T0003.ABC,,79,,,26.50,,27,196.97,,,,59.10,64.24,6,4,2,11,8.50,9,2.54,1.47,0.28,135,140,30,1.16,1.21,0.90,6.21,0.45,19.18,3.16,0.85,4.63,124.45,5.54,19.42,LOW
AuGaHf,Au1Ga1Hf1.T0003.CAB,,79,,,51.50,,41,196.97,,,,124.11,108.77,6,5,2,11,8.50,9,2.54,1.55,0.51,135,142.50,25,1.16,1.23,0.91,6.13,0.54,20.69,2.71,0.74,4.53,23.85,5.90,11.54,LOW
AuGaTi,Au1Ga1Ti1.T0003.CAB,,79,,,26.50,,9,196.97,,,,58.80,21.86,6,4,0,11,8.50,9,2.54,1.68,0.27,135,135,10,1.16,1.24,0.89,5.96,0.60,21.88,3.07,0.74,5.97,45.37,7.86,23.06,LOW
AuGaZr,Au1Ga1Zr1.T0003.CAB,,79,,,35.50,,9,196.97,,,,80.47,21.50,6,4.50,1,11,8.50,9,2.54,1.57,0.48,135,142.50,25,1.16,1.22,0.92,6.18,0.58,19.99,2.93,0.54,5.48,22.06,5.85,8.56,LOW
AuGeSc,Au1Ge1Sc1.T0003.CAB,,79,,,26.50,,11,196.97,,,,58.80,27.68,6,4,0,11,8.50,11,2.54,1.69,0.65,135,142.50,35,1.16,1.28,1.23,6.14,0.28,20.19,2.90,0.53,11.22,19.37,7.69,9.56,LOW
AuHfIn,Au1Hf1In1.T0003.CAB,,79,,,60.50,,23,196.97,,,,146.65,63.67,6,5.50,1,11,8.50,9,2.54,1.54,0.48,135,155,0,1.16,1.19,0.82,6.31,0.35,19.09,2.64,0.83,3.63,64.41,4.42,12.22,LOW
AuHfTl,Au1Hf1Tl1.T0003.CAB,,79,,,76.50,,9,196.97,,,,191.44,25.89,6,6,0,11,8.50,9,2.54,1.46,0.32,135,172.50,35,1.16,1.17,0.79,6.35,0.24,18.87,2.30,0.74,4.49,40.99,4.06,10.28,LOW
AuInTi,Au1In1Ti1.T0003.CAB,,79,,,35.50,,27,196.97,,,,81.34,66.95,6,4.50,1,11,8.50,9,2.54,1.66,0.24,135,147.50,15,1.16,1.20,0.81,6.20,0.41,19.80,2.76,0.91,5.82,50.59,7.55,13.07,LOW
AuInZr,Au1In1Zr1.T0003.CAB,,79,,,44.50,,9,196.97,,,,103.02,23.59,6,5,0,11,8.50,9,2.54,1.55,0.45,135,155,0,1.16,1.18,0.84,6.36,0.44,18.52,2.88,0.66,4.33,37.14,5.22,11.58,LOW
AuLaSn,Au1La1Sn1.T0003.CAB,,79,,,53.50,,7,196.97,,,,128.81,20.20,6,5.50,1,11,8.50,11,2.54,1.53,0.86,135,170,50,1.16,1.27,1.14,6.78,0.18,15.53,2.29,0.58,5.76,10.70,3.79,2.61,LOW
AuPbSc,Au1Pb1Sc1.T0003.CAB,,79,,,51.50,,61,196.97,,,,126.08,162.24,6,5,2,11,8.50,11,2.54,1.84,0.97,135,170,20,1.16,1.24,1.13,6.42,0.06,17.99,2.41,0.47,9.41,13.14,7.36,8.72,LOW
AuScSi,Au1Sc1Si1.T0003.CAB,,79,,,17.50,,7,196.97,,,,36.52,16.87,6,3.50,1,11,8.50,11,2.54,1.63,0.54,135,135,50,1.16,1.30,1.27,6.07,0.36,20.22,3.18,0.77,2.05,54.93,7.60,14.40,LOW
AuScSn,Au1Sc1Sn1.T0003.CAB,,79,,,35.50,,29,196.97,,,,81.83,73.75,6,4.50,1,11,8.50,11,2.54,1.66,0.60,135,152.50,15,1.16,1.25,1.17,6.33,0.13,18.57,2.88,0.65,8.54,30.49,7.22,11.05,LOW
AuSiY,Au1Si1Y1.T0003.CAB,,79,,,26.50,,25,196.97,,,,58.50,60.82,6,4,2,11,8.50,11,2.54,1.56,0.68,135,145,70,1.16,1.30,1.28,6.34,0.23,18.30,2.48,0.47,8.67,9.24,4.65,5.24,LOW
AuSnY,Au1Sn1Y1.T0003.CAB,,79,,,44.50,,11,196.97,,,,103.81,29.80,6,5,0,11,8.50,11,2.54,1.59,0.74,135,162.50,35,1.16,1.25,1.18,6.55,0.03,17.01,2.65,0.47,5.51,10.74,5.87,5.53,LOW
AuTiTl,Au1Ti1Tl1.T0003.CAB,,79,,,51.50,,59,196.97,,,,126.12,156.52,6,5,2,11,8.50,9,2.54,1.58,0.08,135,165,50,1.16,1.18,0.77,6.26,0.31,19.40,2.27,0.49,10.27,14.48,5.43,NA,LOW
AuTlZr,Au1Tl1Zr1.T0003.CAB,,79,,,60.50,,41,196.97,,,,147.80,113.16,6,5.50,1,11,8.50,9,2.54,1.48,0.29,135,172.50,35,1.16,1.16,0.80,6.39,0.34,18.36,2.50,0.63,7.17,23.64,4.29,9.99,LOW
BAgHf,Ag1B1Hf1.T0003.ABC,,5,,,59.50,,25,10.81,,,,143.18,70.62,2,5.50,1,13,7.50,7,2.04,1.61,0.63,85,157.50,5,2,0.98,0.41,5.61,0.17,24.17,3.39,1.09,1.21,99.33,7.52,16.39,LOW
BAgTi,Ag1B1Ti1.T0003.ABC,,5,,,34.50,,25,10.81,,,,77.87,60.00,2,4.50,1,13,7.50,7,2.04,1.74,0.39,85,150,20,2,0.98,0.39,5.41,0.16,26.14,4.33,1.14,4.09,643.43,8.60,46.94,LOW
BAgZr,Ag1B1Zr1.T0003.ABC,,5,,,43.50,,7,10.81,,,,99.55,16.64,2,5,0,13,7.50,7,2.04,1.63,0.60,85,157.50,5,2,0.97,0.42,5.67,0.25,23.37,4.01,1.14,1.75,44.38,8.25,15.59,LOW
BAlCa,Al1B1Ca1.T0003.ABC,,5,,,16.50,,7,10.81,,,,33.53,13.10,2,3.50,1,13,7.50,11,2.04,1.30,0.61,85,152.50,55,2,1.13,1.06,5.82,0.33,20.63,5.99,1.98,4.15,40.79,5.75,17.32,LOW
BAuTi,Au1B1Ti1.T0003.ABC,,5,,,50.50,,57,10.81,,,,122.42,149.10,2,5,2,13,7.50,7,2.04,2.04,1,85,137.50,5,2,0.97,0.37,5.43,0.02,26.46,3.69,1.12,1.35,5059.98,10.09,51.47,LOW
BBeSc,B1Be1Sc1.T0003.CAB,,5,,,12.50,,17,10.81,,,,26.98,35.94,2,3,2,13,2.50,1,2.04,1.47,0.21,85,132.50,55,2,1.08,0.83,5.23,0.44,24.47,6.26,1.52,1.53,112.52,5.65,42.17,LOW
BCaGa,B1Ca1Ga1.T0003.CAB,,5,,,25.50,,11,10.81,,,,54.90,29.64,2,4,0,13,7.50,11,2.04,1.41,0.81,85,155,50,2,1.14,1.08,5.76,0.42,21.76,4.72,1.48,2.89,55.97,6.40,9.35,LOW
BCaIn,B1Ca1In1.T0003.CAB,,5,,,34.50,,29,10.81,,,,77.45,74.74,2,4.50,1,13,7.50,11,2.04,1.39,0.78,85,167.50,25,2,1.10,1,6.02,0.26,19.59,4.13,0.97,2.42,1427.74,6.72,57.02,LOW
BCdSc,B1Cd1Sc1.T0003.CAB,,5,,,34.50,,27,10.81,,,,78.68,67.46,2,4.50,1,13,7.50,9,2.04,1.52,0.33,85,157.50,5,2,1.01,0.69,5.71,0.31,22.54,4.33,1.02,4.67,178.64,6.41,63.32,LOW
BCdY,B1Cd1Y1.T0003.CAB,,5,,,43.50,,9,10.81,,,,100.66,23.51,2,5,0,13,7.50,9,2.04,1.46,0.47,85,167.50,25,2,1.01,0.70,5.99,0.44,20.19,3.86,1.00,1.95,31.80,6.41,20.17,LOW
BCrCu,B1Cr1Cu1.T0003.CAB,,5,,,26.50,,5,10.81,,,,57.77,11.55,2,4,0,13,8.50,5,2.04,1.78,0.24,85,137.50,5,2,1.04,0.31,4.91,0.19,33.60,4.67,2.47,2.83,218.46,7.42,38.57,LOW
BCuTi,B1Cu1Ti1.T0003.CAB,,5,,,25.50,,7,10.81,,,,55.71,15.68,2,4,0,13,7.50,7,2.04,1.72,0.36,85,137.50,5,2,0.99,0.41,5.13,0.18,29.01,4.89,1.69,2.84,200.24,7.64,23.62,LOW
BCuZr,B1Cu1Zr1.T0003.CAB,,5,,,34.50,,11,10.81,,,,77.39,27.68,2,4.50,1,13,7.50,7,2.04,1.61,0.57,85,145,20,2,0.98,0.44,5.43,0.26,25.67,4.23,1.36,0.92,49.31,8.40,9.92,LOW
BGeLi,B1Ge1Li1.T0003.CAB,,5,,,17.50,,29,10.81,,,,39.79,65.70,2,3,2,13,7.50,13,2.04,1.50,1.03,85,135,20,2,1.18,1.45,5.06,0.45,27.49,5.57,1.20,4.66,213.71,5.35,53.13,LOW
BHgSc,B1Hg1Sc1.T0003.CAB,,5,,,50.50,,59,10.81,,,,122.77,155.63,2,5,2,13,7.50,9,2.04,1.68,0.64,85,155,10,2,0.99,0.65,5.72,0.26,22.76,3.52,0.78,2.85,478.57,10.13,134.35,LOW
BHgY,B1Hg1Y1.T0003.CAB,,5,,,59.50,,41,10.81,,,,144.75,111.68,2,5.50,1,13,7.50,9,2.04,1.61,0.78,85,165,30,2,0.99,0.66,6.00,0.36,20.34,3.25,0.75,3.08,55.02,7.88,16.64,LOW
BLiRu,B1Li1Ru1.T0003.CAB,,5,,,23.50,,41,10.81,,,,54.01,94.13,2,3.50,3,13,4.50,7,2.04,1.59,1.22,85,137.50,15,2,0.72,0.55,4.91,0.81,28.63,4.34,2.35,1.32,102.48,5.82,40.47,LOW
BLiSi,B1Li1Si1.T0003.CAB,,5,,,8.50,,11,10.81,,,,17.51,21.14,2,2.50,1,13,7.50,13,2.04,1.44,0.92,85,127.50,35,2,1.20,1.49,4.93,0.22,26.55,8.15,2.33,1.40,128.91,5.24,62.12,LOW
BLiSn,B1Li1Sn1.T0003.CAB,,5,,,26.50,,47,10.81,,,,62.83,111.77,2,3.50,3,13,7.50,13,2.04,1.47,0.98,85,145,0,2,1.15,1.39,5.47,0.11,23.67,4.31,0.90,3.82,27.45,6.28,37.42,LOW
BMgSc,B1Mg1Sc1.T0003.CAB,,5,,,16.50,,9,10.81,,,,34.63,20.65,2,3.50,1,13,2.50,1,2.04,1.33,0.05,85,155,10,2,0.97,0.61,5.70,0.05,21.80,5.92,1.83,3.23,55.78,5.30,43.43,LOW
BScZn,B1Sc1Zn1.T0003.CAB,,5,,,25.50,,9,10.81,,,,55.18,20.45,2,4,0,13,7.50,9,2.04,1.50,0.29,85,147.50,25,2,1.05,0.77,5.44,0.38,25.05,4.96,1.41,3.16,70.34,6.19,24.79,LOW
BYZn,B1Y1Zn1.T0003.CAB,,5,,,34.50,,9,10.81,,,,77.16,23.50,2,4.50,1,13,7.50,9,2.04,1.44,0.43,85,157.50,45,2,1.05,0.78,5.76,0.36,22.14,4.21,1.38,1.28,26.38,6.53,8.99,LOW
BaAuCl,Au1Ba1Cl1.T0003.ABC,,56,,,48,,62,137.33,,,,116.21,161.51,6,4.50,3,2,14,6,0.89,2.85,0.62,215,117.50,35,0.50,1.93,1.54,7.27,2.97,12.72,1.48,0.32,14.18,0.18,21.80,0.62,HIGH
BaBrCl,Ba1Br1Cl1.T0003.CAB,,56,,,26,,18,137.33,,,,57.68,44.45,6,3.50,1,2,17,0,0.89,3.06,0.20,215,107.50,15,0.50,2.67,0.06,7.32,4.94,12.36,2.03,0.40,6.58,0.48,14.56,2.79,HIGH
BeAsLi,As1Be1Li1.T0003.ABC,,4,,,18,,30,9.01,,,,40.93,67.98,2,3,2,2,8,14,1.57,1.58,1.20,105,130,30,1.50,1.30,1.71,5.33,1.73,25.42,4.52,2.06,4.30,24.04,6.29,19.54,LOW
BeAsNa,As1Be1Na1.T0003.ABC,,4,,,22,,22,9.01,,,,48.96,51.93,2,3.50,1,2,8,14,1.57,1.55,1.25,105,147.50,65,1.50,1.28,1.76,5.71,1.62,22.75,3.87,1.46,3.32,15.94,4.65,5.18,LOW
BeBiLi,Be1Bi1Li1.T0003.CAB,,4,,,43,,80,9.01,,,,107.96,202.04,2,4,4,2,8,14,1.57,1.50,1.04,105,152.50,15,1.50,1.25,1.59,5.95,0.59,20.12,2.72,0.91,0.55,208.59,7.27,748.19,LOW
BeLiSb,Be1Li1Sb1.T0003.CAB,,4,,,27,,48,9.01,,,,64.35,114.82,2,3.50,3,2,8,14,1.57,1.51,1.07,105,145,0,1.50,1.26,1.63,5.75,1.01,21.42,3.70,1.09,1.75,93.31,6.70,153.76,LOW
BeNaP,Be1Na1P1.T0003.CAB,,4,,,13,,4,9.01,,,,26.98,7.98,2,3,0,2,8,14,1.57,1.56,1.26,105,140,80,1.50,1.29,1.78,5.54,1.92,23.83,5.11,2.14,3.61,26.06,4.00,6.21,LOW
BeNaSb,Be1Na1Sb1.T0003.CAB,,4,,,31,,40,9.01,,,,72.37,98.77,2,4,2,2,8,14,1.57,1.49,1.12,105,162.50,35,1.50,1.24,1.68,6.08,1.00,19.34,3.30,0.88,5.45,10.36,5.94,8.22,LOW
BiBaK,Ba1Bi1K1.T0003.ABC,,83,,,37.50,,37,208.98,,,,88.21,98.23,6,5,2,15,1.50,1,2.02,0.85,0.07,160,217.50,5,2.04,0.42,0.15,8.14,0.73,9.08,1.61,0.24,13.06,0.34,2.32,1.24,LOW
BiBaNa,Ba1Bi1Na1.T0003.ABC,,83,,,33.50,,45,208.98,,,,80.16,114.34,6,4.50,3,15,1.50,1,2.02,0.91,0.04,160,197.50,35,2.04,0.45,0.10,7.85,0.73,10.09,1.50,0.39,9.44,0.47,2.92,1.00,LOW
BiCaK,Bi1Ca1K1.T0003.CAB,,83,,,19.50,,1,208.98,,,,39.59,0.98,6,4,0,15,1.50,1,2.02,0.91,0.18,160,200,40,2.04,0.47,0.25,7.55,0.88,11.20,1.92,0.39,7.25,0.94,2.57,3.71,LOW
BiCaLi,Bi1Ca1Li1.T0003.CAB,,83,,,11.50,,17,208.98,,,,23.51,33.14,6,3,2,15,1.50,1,2.02,0.99,0.02,160,162.50,35,2.04,0.53,0.15,6.95,1.42,13.81,1.88,0.38,3.93,0.82,2.73,5.39,LOW
BiCaNa,Bi1Ca1Na1.T0003.CAB,,83,,,15.50,,9,208.98,,,,31.53,17.09,6,3.50,1,15,1.50,1,2.02,0.96,0.07,160,180,0,2.04,0.50,0.20,7.18,1.02,12.90,2.05,0.57,5.20,4.69,2.62,5.53,LOW
BiClSe,Bi1Cl1Se1.T0003.CAB,,83,,,25.50,,17,208.98,,,,57.21,43.51,6,3.50,1,15,16.50,1,2.02,2.85,0.61,160,107.50,15,2.04,2.55,0.30,6.81,0.84,15.29,3.03,0.69,10.02,0.40,6.75,0.99,LOW
BiKNa,Bi1K1Na1.T0003.CAB,,83,,,15,,8,208.98,,,,31.04,16.11,6,3.50,1,15,1,0,2.02,0.88,0.11,160,200,40,2.04,0.38,0.05,7.82,1.08,10.24,0.68,0.35,10.14,0.09,2.35,0.00,LOW
BiKSr,Bi1K1Sr1.T0003.CAB,,83,,,28.50,,19,208.98,,,,63.36,48.52,6,4.50,1,15,1.50,1,2.02,0.89,0.13,160,210,20,2.04,0.45,0.20,7.90,0.76,9.88,1.77,0.28,10.06,0.28,2.27,2.05,LOW
BiLiMg,Bi1Li1Mg1.T0003.CAB,,83,,,7.50,,9,208.98,,,,15.62,17.36,6,2.50,1,15,1.50,1,2.02,1.15,0.33,160,147.50,5,2.04,0.86,0.83,6.56,0.44,16.14,2.15,0.51,5.76,0.74,3.61,9.43,LOW
BiLiSr,Bi1Li1Sr1.T0003.CAB,,83,,,20.50,,35,208.98,,,,47.28,80.68,6,3.50,3,15,1.50,1,2.02,0.96,0.03,160,172.50,55,2.04,0.50,0.10,7.21,1.19,12.61,1.59,0.27,3.35,0.50,2.72,2.40,LOW
BiNaSr,Bi1Na1Sr1.T0003.CAB,,83,,,24.50,,27,208.98,,,,55.30,64.63,6,4,2,15,1.50,1,2.02,0.94,0.02,160,190,20,2.04,0.47,0.15,7.58,0.87,11.17,1.79,0.39,7.75,0.61,2.49,1.83,LOW
CaBrCl,Br1Ca1Cl1.T0003.ABC,,20,,,26,,18,40.08,,,,57.68,44.45,4,3.50,1,2,17,0,1,3.06,0.20,180,107.50,15,0.60,2.67,0.06,6.71,4.37,15.78,3.72,0.77,6.67,0.53,21.02,0.83,HIGH
ClBaK,Ba1Cl1K1.T0003.ABC,,17,,,37.50,,37,35.45,,,,88.21,98.23,3,5,2,17,1.50,1,3.16,0.85,0.07,100,217.50,5,2.70,0.42,0.15,7.41,0.17,12.04,2.36,0.42,11.27,0.01,4.77,0.23,LOW
CoAsHf,As1Co1Hf1.T0003.ABC,,27,,,52.50,,39,58.93,,,,126.71,103.57,4,5,2,9,9.50,11,1.88,1.74,0.88,135,135,40,1.04,1.47,1.39,5.68,1.27,25.01,3.42,0.90,3.80,85.16,28.36,19.99,HIGH
CoAsTi,As1Co1Ti1.T0003.ABC,,27,,,27.50,,11,58.93,,,,61.39,27.05,4,4,0,9,9.50,11,1.88,1.86,0.64,135,127.50,25,1.04,1.48,1.37,5.49,1.30,26.67,4.42,1.44,1.41,269.61,22.94,37.06,HIGH
CoAsZr,As1Co1Zr1.T0003.ABC,,27,,,36.50,,7,58.93,,,,83.07,16.30,4,4.50,1,9,9.50,11,1.88,1.75,0.85,135,135,40,1.04,1.46,1.40,5.73,1.20,24.14,3.98,1.49,0.68,310.91,23.23,27.72,HIGH
CoBiHf,Bi1Co1Hf1.T0003.ABC,,27,,,77.50,,11,58.93,,,,193.74,30.49,4,6,0,9,9.50,11,1.88,1.66,0.72,135,157.50,5,1.04,1.41,1.26,6.04,0.96,21.31,2.85,0.97,6.37,81.88,21.30,22.47,HIGH
CoBiTi,Bi1Co1Ti1.T0003.ABC,,27,,,52.50,,61,58.93,,,,128.42,161.11,4,5,2,9,9.50,11,1.88,1.78,0.48,135,150,20,1.04,1.42,1.25,5.89,0.89,22.50,3.05,0.80,2.41,165.47,34.86,27.10,HIGH
CoBiZr,Bi1Co1Zr1.T0003.ABC,,27,,,61.50,,43,58.93,,,,150.10,117.76,4,5.50,1,9,9.50,11,1.88,1.68,0.69,135,157.50,5,1.04,1.40,1.28,6.09,0.98,20.70,3.18,0.80,5.25,50.77,24.25,17.76,HIGH
CoCrGe,Co1Cr1Ge1.T0003.CAB,,27,,,28,,8,58.93,,,,62.32,20.64,4,4,0,9,10,8,1.88,1.83,0.35,135,132.50,15,1.04,1.40,1.01,5.35,0.97,29.39,3.76,1.08,3.33,49.01,23.49,10.64,HIGH
CoCrSb,Co1Cr1Sb1.T0003.CAB,,27,,,37.50,,27,58.93,,,,86.88,69.76,4,4.50,1,9,10.50,9,1.88,1.85,0.39,135,142.50,5,1.04,1.49,1.19,5.63,0.75,25.97,2.94,0.85,7.57,6.29,25.22,1.89,HIGH
CoGaW,Co1Ga1W1.T0003.CAB,,27,,,52.50,,43,58.93,,,,126.78,114.12,4,5,2,9,9.50,7,1.88,2.08,0.55,135,132.50,5,1.04,1.28,0.80,5.52,0.39,26.74,3.60,1.19,3.76,147.01,30.41,22.18,HIGH
CoGeMn,Co1Ge1Mn1.T0003.CAB,,27,,,28.50,,7,58.93,,,,63.79,17.70,4,4,0,9,10.50,7,1.88,1.78,0.46,135,132.50,15,1.04,1.42,0.95,5.32,0.98,29.95,3.52,2.29,1.82,136.08,22.92,NA,HIGH
CoGeNb,Co1Ge1Nb1.T0003.CAB,,27,,,36.50,,9,58.93,,,,82.77,20.27,4,4.50,1,9,9.50,9,1.88,1.80,0.41,135,135,20,1.04,1.36,1.08,5.59,1.08,25.56,4.26,1.47,1.24,228.84,21.79,36.17,HIGH
CoGeTa,Co1Ge1Ta1.T0003.CAB,,27,,,52.50,,41,58.93,,,,126.79,108.31,4,5,2,9,9.50,9,1.88,1.75,0.51,135,135,20,1.04,1.36,1.07,5.60,1.20,25.78,3.68,1.07,3.52,209.79,28.23,27.23,HIGH
CoGeV,Co1Ge1V1.T0003.CAB,,27,,,27.50,,9,58.93,,,,61.79,21.70,4,4,0,9,9.50,9,1.88,1.82,0.38,135,130,10,1.04,1.37,1.06,5.39,0.69,27.95,4.39,1.32,2.44,134.67,21.34,29.06,HIGH
CoHfP,Co1Hf1P1.T0003.CAB,,27,,,43.50,,57,58.93,,,,104.73,147.52,4,4.50,3,9,9.50,11,1.88,1.75,0.89,135,127.50,55,1.04,1.48,1.41,5.55,1.35,25.74,3.59,0.84,2.82,146.12,27.49,23.88,HIGH
CoHfSb,Co1Hf1Sb1.T0003.CAB,,27,,,61.50,,21,58.93,,,,150.12,56.73,4,5.50,1,9,9.50,11,1.88,1.68,0.75,135,150,10,1.04,1.43,1.30,5.93,1.12,22.27,3.37,0.99,3.97,92.57,23.17,21.87,HIGH
CoLaTe,Co1La1Te1.T0003.CAB,,27,,,54.50,,5,58.93,,,,133.25,11.31,4,5.50,1,9,9.50,13,1.88,1.60,1,135,167.50,55,1.04,1.51,1.61,6.40,0.63,18.40,3.34,0.97,6.22,3.33,9.02,1.42,LOW
CoMnSi,Co1Mn1Si1.T0003.CAB,,27,,,19.50,,11,58.93,,,,41.51,26.85,4,3.50,1,9,10.50,7,1.88,1.73,0.35,135,125,30,1.04,1.44,0.99,5.22,0.78,30.24,4.54,1.36,5.08,148.94,21.96,24.30,HIGH
CoNbSi,Co1Nb1Si1.T0003.CAB,,27,,,27.50,,27,58.93,,,,60.50,64.82,4,4,2,9,9.50,9,1.88,1.75,0.30,135,127.50,35,1.04,1.38,1.12,5.53,0.87,25.28,4.82,1.30,2.26,165.31,23.53,30.10,HIGH
CoNbSn,Co1Nb1Sn1.T0003.CAB,,27,,,45.50,,9,58.93,,,,105.81,25.80,4,5,0,9,9.50,9,1.88,1.78,0.36,135,145,0,1.04,1.33,1.02,5.85,0.98,22.88,3.80,1.34,2.56,143.27,22.84,20.70,HIGH
CoPTi,Co1P1Ti1.T0003.CAB,,27,,,18.50,,7,58.93,,,,39.42,16.89,4,3.50,1,9,9.50,11,1.88,1.86,0.65,135,120,40,1.04,1.49,1.39,5.34,1.41,27.41,5.20,2.01,0.71,503.06,22.82,62.89,HIGH
CoPZr,Co1P1Zr1.T0003.CAB,,27,,,27.50,,25,58.93,,,,61.10,60.25,4,4,2,9,9.50,11,1.88,1.76,0.86,135,127.50,55,1.04,1.47,1.42,5.61,1.28,24.78,4.29,1.86,1.40,338.79,22.46,26.18,HIGH
CoSbTi,Co1Sb1Ti1.T0003.CAB,,27,,,36.50,,29,58.93,,,,84.81,73.89,4,4.50,1,9,9.50,11,1.88,1.79,0.51,135,142.50,5,1.04,1.44,1.29,5.76,1.05,23.56,3.92,1.03,3.88,83.49,22.43,23.28,HIGH
CoSbV,Co1Sb1V1.T0003.CAB,,27,,,37,,28,58.93,,,,86.35,70.82,4,4.50,1,9,10,10,1.88,1.84,0.42,135,140,10,1.04,1.46,1.24,5.69,0.90,25.23,3.18,1.90,3.27,33.15,24.66,3.73,HIGH
CoSbZr,Co1Sb1Zr1.T0003.CAB,,27,,,45.50,,11,58.93,,,,106.49,30.54,4,5,0,9,9.50,11,1.88,1.69,0.72,135,150,10,1.04,1.42,1.32,5.98,1.05,21.58,3.83,1.14,2.39,103.98,22.53,24.38,HIGH
CoScSe,Co1Sc1Se1.T0003.CAB,,27,,,27.50,,13,58.93,,,,61.96,34.00,4,4,0,9,9.50,13,1.88,1.96,1.19,135,137.50,45,1.04,1.53,1.73,5.65,0.25,25.14,3.83,1.18,2.00,81.46,15.35,15.51,HIGH
CoScTe,Co1Sc1Te1.T0003.CAB,,27,,,36.50,,31,58.93,,,,86.28,82.64,4,4.50,1,9,9.50,13,1.88,1.73,0.74,135,150,20,1.04,1.50,1.65,5.91,0.88,22.17,3.77,1.03,2.94,90.74,18.18,17.89,HIGH
CoSiTa,Co1Si1Ta1.T0003.CAB,,27,,,43.50,,59,58.93,,,,104.52,152.86,4,4.50,3,9,9.50,9,1.88,1.70,0.40,135,127.50,35,1.04,1.39,1.11,5.53,1.23,25.52,4.05,1.07,1.90,417.56,33.20,36.86,HIGH
CoSiV,Co1Si1V1.T0003.CAB,,27,,,18.50,,9,58.93,,,,39.51,22.86,4,3.50,1,9,9.50,9,1.88,1.76,0.27,135,122.50,25,1.04,1.39,1.10,5.30,0.56,27.83,5.33,1.86,1.35,1125.48,20.65,64.61,HIGH
CoSnTa,Co1Sn1Ta1.T0003.CAB,,27,,,61.50,,23,58.93,,,,149.83,62.24,4,5.50,1,9,9.50,9,1.88,1.73,0.46,135,145,0,1.04,1.33,1.01,5.84,1.03,23.14,3.40,1.08,5.34,152.41,23.82,22.70,HIGH
CoSnV,Co1Sn1V1.T0003.CAB,,27,,,36.50,,27,58.93,,,,84.83,67.77,4,4.50,1,9,9.50,9,1.88,1.79,0.33,135,140,10,1.04,1.34,1,5.65,0.64,24.89,3.62,0.97,3.02,77.46,22.75,19.79,HIGH
CoTeY,Co1Te1Y1.T0003.CAB,,27,,,45.50,,13,58.93,,,,108.25,38.69,4,5,0,9,9.50,13,1.88,1.66,0.88,135,160,40,1.04,1.49,1.66,6.15,0.86,20.20,3.46,1.00,2.60,45.31,17.59,10.93,HIGH
CrBrCl,Br1Cl1Cr1.T0003.BCA,,24,,,26,,18,52.00,,,,57.68,44.45,4,3.50,1,6,17,0,1.66,3.06,0.20,140,107.50,15,0.89,2.67,0.06,5.85,2.93,22.97,4.53,1.67,3.49,17.15,24.69,8.43,HIGH
CuAsCa,As1Ca1Cu1.T0003.BCA,,29,,,26.50,,13,63.55,,,,57.50,34.84,4,4,0,11,8.50,13,1.90,1.59,1.18,135,147.50,65,1.20,1.38,1.56,6.07,0.20,20.94,2.93,1.05,4.63,8.95,4.93,2.70,LOW
CuGaTi,Cu1Ga1Ti1.T0003.CAB,,29,,,26.50,,9,63.55,,,,58.80,21.86,4,4,0,11,8.50,9,1.90,1.68,0.27,135,135,10,1.20,1.24,0.89,5.63,0.07,25.48,3.87,1.47,2.48,97.41,9.70,18.70,LOW
CuKTe,Cu1K1Te1.T0003.CAB,,29,,,35.50,,33,63.55,,,,83.35,88.50,4,4.50,1,11,8.50,15,1.90,1.46,1.28,135,180,80,1.20,1.33,1.97,6.44,0.42,17.91,3.04,0.50,10.97,0.46,2.66,0.25,LOW
CuLiTe,Cu1Li1Te1.T0003.CAB,,29,,,27.50,,49,63.55,,,,67.27,120.66,4,3.50,3,11,8.50,15,1.90,1.54,1.12,135,142.50,5,1.20,1.39,1.87,5.90,0.93,22.28,2.88,0.76,4.42,2.94,5.40,7.91,LOW
CuNaTe,Cu1Na1Te1.T0003.CAB,,29,,,31.50,,41,63.55,,,,75.29,104.61,4,4,2,11,8.50,15,1.90,1.51,1.17,135,160,40,1.20,1.36,1.92,6.22,0.37,19.76,2.57,0.51,9.94,7.38,4.58,2.18,LOW
CuSbSr,Cu1Sb1Sr1.T0003.CAB,,29,,,44.50,,13,63.55,,,,104.69,34.14,4,5,0,11,8.50,13,1.90,1.50,1.10,135,172.50,55,1.20,1.31,1.53,6.47,0.03,17.70,2.86,0.82,2.43,11.33,4.22,2.27,LOW
FeAsCr,As1Cr1Fe1.T0003.BCA,,26,,,28.50,,9,55.84,,,,63.46,22.93,4,4,0,8,10.50,9,1.83,1.92,0.52,140,127.50,25,0.99,1.52,1.27,5.34,0.96,29.11,3.84,2.22,1.32,257.25,33.42,30.37,HIGH
FeAsMn,As1Fe1Mn1.T0003.ABC,,26,,,29,,8,55.84,,,,64.93,19.98,4,4,0,8,11,8,1.83,1.86,0.63,140,127.50,25,0.99,1.55,1.22,5.31,1.03,29.89,3.54,1.10,4.69,59.11,32.70,33.78,HIGH
FeAsNb,As1Fe1Nb1.T0003.ABC,,26,,,37,,8,55.84,,,,83.91,17.98,4,4.50,1,8,10,10,1.83,1.89,0.58,140,130,30,0.99,1.49,1.34,5.59,0.58,25.48,4.25,1.62,1.51,482.51,33.78,47.63,HIGH
FeAsTa,As1Fe1Ta1.T0003.ABC,,26,,,53,,40,55.84,,,,127.94,106.03,4,5,2,8,10,10,1.83,1.84,0.68,140,130,30,0.99,1.50,1.33,5.59,0.92,25.65,3.65,1.18,4.07,295.62,39.74,32.89,HIGH
FeAsV,As1Fe1V1.T0003.ABC,,26,,,28,,10,55.84,,,,62.93,23.98,4,4,0,8,10,10,1.83,1.91,0.55,140,125,20,0.99,1.50,1.32,5.39,0.36,27.78,4.47,1.43,2.24,191.49,34.54,39.80,HIGH
FeCaTe,Ca1Fe1Te1.T0003.ABC,,26,,,36,,32,55.84,,,,83.84,87.52,4,4.50,1,8,9,14,1.83,1.55,1.10,140,160,40,0.99,1.46,1.72,6.19,0.26,20.07,2.85,0.84,7.76,5.67,11.04,1.38,HIGH
FeGeW,Fe1Ge1W1.T0003.CAB,,26,,,53,,42,55.84,,,,128.24,111.20,4,5,2,8,10,8,1.83,2.19,0.35,140,130,10,0.99,1.39,1.01,5.53,0.22,26.32,3.79,1.18,4.39,287.50,40.12,32.79,HIGH
FeHfTe,Fe1Hf1Te1.T0003.CAB,,26,,,62,,20,55.84,,,,153.04,50.89,4,5.50,1,8,10,12,1.83,1.70,0.80,140,147.50,15,0.99,1.55,1.54,5.92,0.80,22.27,3.37,1.10,4.93,124.53,26.20,27.95,HIGH
FeMnSb,Fe1Mn1Sb1.T0003.CAB,,26,,,38,,26,55.84,,,,88.35,66.82,4,4.50,1,8,11,8,1.83,1.80,0.50,140,142.50,5,0.99,1.51,1.14,5.59,0.98,26.12,3.12,0.85,7.31,47.67,32.59,8.88,HIGH
FeNbP,Fe1Nb1P1.T0003.CAB,,26,,,28,,26,55.84,,,,61.94,61.93,4,4,2,8,10,10,1.83,1.90,0.59,140,122.50,45,0.99,1.50,1.36,5.45,0.51,26.11,4.75,1.76,1.26,603.10,45.52,49.45,HIGH
FeNbSb,Fe1Nb1Sb1.T0003.CAB,,26,,,46,,10,55.84,,,,107.33,28.85,4,5,0,8,10,10,1.83,1.82,0.45,140,145,0,0.99,1.45,1.26,5.84,0.54,22.75,3.96,1.19,3.56,131.27,30.29,29.07,HIGH
FePTa,Fe1P1Ta1.T0003.CAB,,26,,,44,,58,55.84,,,,105.96,149.97,4,4.50,3,8,10,10,1.83,1.84,0.69,140,122.50,45,0.99,1.50,1.35,5.46,0.84,26.28,3.92,1.24,2.99,476.11,46.48,59.31,HIGH
FePV,Fe1P1V1.T0003.CAB,,26,,,19,,8,55.84,,,,40.96,19.97,4,3.50,1,8,10,10,1.83,1.91,0.56,140,117.50,35,0.99,1.51,1.34,5.24,0.32,28.51,5.37,2.05,0.89,997.75,32.15,87.19,HIGH
FeSbTa,Fe1Sb1Ta1.T0003.CAB,,26,,,62,,22,55.84,,,,151.35,59.19,4,5.50,1,8,10,10,1.83,1.77,0.55,140,145,0,0.99,1.46,1.25,5.84,0.86,22.94,3.55,1.17,5.09,228.55,30.46,31.23,HIGH
FeSbV,Fe1Sb1V1.T0003.CAB,,26,,,37,,28,55.84,,,,86.35,70.82,4,4.50,1,8,10,10,1.83,1.84,0.42,140,140,10,0.99,1.46,1.24,5.67,0.34,24.52,3.79,1.11,3.65,75.94,32.85,24.12,HIGH
FeSbZr,Fe1Sb1Zr1.T0003.CAB,,26,,,45.50,,11,55.84,,,,106.49,30.54,4,5,0,8,9.50,11,1.83,1.69,0.72,140,150,10,0.99,1.42,1.32,6.02,1.04,21.72,2.88,1.17,3.90,24.63,28.41,1.97,HIGH
FeSeTi,Fe1Se1Ti1.T0003.CAB,,26,,,28,,12,55.84,,,,63.41,31.09,4,4,0,8,10,12,1.83,2.04,1.01,140,127.50,25,0.99,1.59,1.61,5.49,0.89,26.66,4.20,1.48,1.53,120.76,24.09,33.32,HIGH
FeSeV,Fe1Se1V1.T0003.CAB,,26,,,28.50,,11,55.84,,,,64.95,28.02,4,4,0,8,10.50,11,1.83,2.09,0.92,140,125,20,0.99,1.62,1.56,5.41,1.20,28.63,3.03,2.17,1.79,90.30,26.60,10.15,HIGH
FeSeZr,Fe1Se1Zr1.T0003.CAB,,26,,,37,,6,55.84,,,,85.09,12.26,4,4.50,1,8,10,12,1.83,1.94,1.22,140,135,40,0.99,1.58,1.64,5.73,0.08,24.17,3.72,1.33,2.40,71.17,20.18,18.89,HIGH
FeSiW,Fe1Si1W1.T0003.CAB,,26,,,44,,60,55.84,,,,105.96,155.75,4,4.50,3,8,10,8,1.83,2.13,0.46,140,122.50,25,0.99,1.41,1.05,5.47,0.06,25.98,4.22,1.21,2.17,582.20,44.95,30.34,HIGH
FeTeTi,Fe1Te1Ti1.T0003.CAB,,26,,,37,,30,55.84,,,,87.73,79.73,4,4.50,1,8,10,12,1.83,1.82,0.56,140,140,0,0.99,1.55,1.53,5.75,0.99,23.52,3.95,1.15,3.55,90.40,28.64,26.22,HIGH
FeTeV,Fe1Te1V1.T0003.CAB,,26,,,37.50,,29,55.84,,,,89.27,76.66,4,4.50,1,8,10.50,11,1.83,1.86,0.47,140,137.50,5,0.99,1.58,1.48,5.68,1.32,25.16,2.93,1.89,3.06,33.78,31.82,1.26,HIGH
FeTeZr,Fe1Te1Zr1.T0003.CAB,,26,,,46,,12,55.84,,,,109.41,36.38,4,5,0,8,10,12,1.83,1.72,0.77,140,147.50,15,0.99,1.54,1.56,5.97,1.16,21.59,3.83,1.25,2.59,94.77,25.86,25.71,HIGH
GaAlSr,Al1Ga1Sr1.T0003.ABC,,31,,,25.50,,25,69.72,,,,57.30,60.64,4,4,2,13,7.50,11,1.81,1.28,0.66,130,162.50,75,1.68,1.10,1.11,6.68,0.08,15.81,3.10,0.56,3.43,4.25,5.15,4.80,LOW
GaCdY,Cd1Ga1Y1.T0003.ABC,,31,,,43.50,,9,69.72,,,,100.66,23.51,4,5,0,13,7.50,9,1.81,1.46,0.47,130,167.50,25,1.68,1.01,0.70,6.44,0.07,17.80,2.81,0.52,8.29,6.58,5.90,5.48,LOW
GaMgSc,Ga1Mg1Sc1.T0003.CAB,,31,,,16.50,,9,69.72,,,,34.63,20.65,4,3.50,1,13,2.50,1,1.81,1.33,0.05,130,155,10,1.68,0.97,0.61,6.31,0.04,18.32,3.81,0.90,2.79,12.90,4.93,13.25,LOW
GeAgLa,Ag1Ge1La1.T0003.ABC,,32,,,52,,10,72.64,,,,123.39,31.04,4,5.50,1,14,7,8,2.01,1.51,0.83,125,177.50,35,1.90,0.94,0.47,6.65,0.41,16.34,2.11,0.94,9.07,3.92,4.58,1.41,LOW
GeAgSc,Ag1Ge1Sc1.T0003.ABC,,32,,,34,,26,72.64,,,,76.41,62.91,4,4.50,1,14,7,8,2.01,1.65,0.57,125,160,0,1.90,0.93,0.51,6.13,0.39,20.35,2.98,0.64,6.40,13.20,7.28,6.19,LOW
GeAgY,Ag1Ge1Y1.T0003.ABC,,32,,,43,,8,72.64,,,,98.39,18.96,4,5,0,14,7,8,2.01,1.57,0.71,125,170,20,1.90,0.92,0.52,6.37,0.57,18.37,2.63,0.48,5.95,4.36,5.67,NA,LOW
GeAlLi,Al1Ge1Li1.T0003.ABC,,32,,,8,,10,72.64,,,,16.96,20.04,4,2.50,1,14,7,12,2.01,1.29,0.63,125,135,20,1.90,1.05,1.21,5.89,0.05,21.25,4.09,1.11,3.13,5.37,5.41,16.45,LOW
GeAlNa,Al1Ge1Na1.T0003.ABC,,32,,,12,,2,72.64,,,,24.99,3.99,4,3,0,14,7,12,2.01,1.27,0.68,125,152.50,55,1.90,1.03,1.26,6.22,0.07,18.92,3.72,0.92,3.79,8.13,4.50,8.95,LOW
GeBaK,Ba1Ge1K1.T0003.ABC,,32,,,37.50,,37,72.64,,,,88.21,98.23,4,5,2,14,1.50,1,2.01,0.85,0.07,125,217.50,5,1.90,0.42,0.15,7.72,0.79,10.60,2.33,0.33,8.11,0.21,4.08,0.22,LOW
GeBaNa,Ba1Ge1Na1.T0003.ABC,,32,,,33.50,,45,72.64,,,,80.16,114.34,4,4.50,3,14,1.50,1,2.01,0.91,0.04,125,197.50,35,1.90,0.45,0.10,7.39,0.86,12.04,1.92,0.25,5.41,0.24,4.67,2.44,LOW
GeBaSr,Ba1Ge1Sr1.T0003.ABC,,32,,,47,,18,72.64,,,,112.47,49.71,4,5.50,1,14,2,0,2.01,0.92,0.06,125,207.50,15,1.90,0.53,0.05,7.66,0.16,10.87,2.04,0.40,5.43,0.70,2.93,1.35,LOW
GeCaCd,Ca1Cd1Ge1.T0003.BCA,,32,,,34,,28,72.64,,,,76.24,72.33,4,4.50,1,14,7,10,2.01,1.34,0.69,125,167.50,25,1.90,0.98,0.76,6.51,0.09,17.16,2.94,0.51,7.37,5.61,5.60,4.12,LOW
GeCaMg,Ca1Ge1Mg1.T0003.ABC,,32,,,16,,8,72.64,,,,32.19,15.77,4,3.50,1,14,2,0,2.01,1.16,0.31,125,165,30,1.90,0.94,0.68,6.62,0.71,16.05,3.59,0.83,3.69,3.34,4.71,6.03,LOW
GeCaSr,Ca1Ge1Sr1.T0003.ABC,,32,,,29,,18,72.64,,,,63.85,47.54,4,4.50,1,14,2,0,2.01,0.97,0.05,125,190,20,1.90,0.57,0.05,7.25,0.45,12.64,2.89,0.49,5.17,1.01,3.91,NA,LOW
GeCaZn,Ca1Ge1Zn1.T0003.ABC,,32,,,25,,10,72.64,,,,52.74,25.33,4,4,0,14,7,10,2.01,1.32,0.65,125,157.50,45,1.90,1.02,0.84,6.31,0.37,18.66,2.96,1.31,5.97,8.72,4.95,2.77,LOW
GeKLa,Ge1K1La1.T0003.CAB,,32,,,38,,38,72.64,,,,89.00,99.81,4,5,2,14,2,2,2.01,0.96,0.28,125,207.50,25,1.90,0.53,0.35,7.30,0.25,12.46,1.96,0.40,10.51,0.96,4.71,NA,LOW
GeKSr,Ge1K1Sr1.T0003.CAB,,32,,,28.50,,19,72.64,,,,63.36,48.52,4,4.50,1,14,1.50,1,2.01,0.89,0.13,125,210,20,1.90,0.45,0.20,7.52,0.89,11.44,1.86,0.38,7.38,0.20,3.93,NA,LOW
GeKY,Ge1K1Y1.T0003.CAB,,32,,,29,,20,72.64,,,,64.00,49.81,4,4.50,1,14,2,2,2.01,1.02,0.40,125,200,40,1.90,0.51,0.31,7.13,0.33,13.29,2.38,0.63,6.55,0.85,4.70,1.24,LOW
GeLiSc,Ge1Li1Sc1.T0003.CAB,,32,,,12,,18,72.64,,,,25.95,38.01,4,3,2,14,2,2,2.01,1.17,0.38,125,152.50,15,1.90,0.56,0.22,6.14,0.73,18.94,3.21,0.67,2.98,12.60,4.84,23.70,LOW
GeLiY,Ge1Li1Y1.T0003.CAB,,32,,,21,,36,72.64,,,,47.92,81.96,4,3.50,3,14,2,2,2.01,1.10,0.24,125,162.50,35,1.90,0.56,0.21,6.45,0.66,16.82,2.76,0.45,3.90,11.13,4.86,27.77,LOW
GeMgSr,Ge1Mg1Sr1.T0003.CAB,,32,,,25,,26,72.64,,,,55.96,63.31,4,4,2,14,2,0,2.01,1.13,0.36,125,175,50,1.90,0.92,0.73,6.80,0.69,15.02,3.04,0.58,3.91,2.65,5.20,NA,LOW
GeNaSc,Ge1Na1Sc1.T0003.CAB,,32,,,16,,10,72.64,,,,33.97,21.97,4,3.50,1,14,2,2,2.01,1.15,0.43,125,170,20,1.90,0.54,0.27,6.47,0.67,17.25,3.26,0.88,3.20,4.38,4.88,8.91,LOW
GeNaY,Ge1Na1Y1.T0003.CAB,,32,,,25,,28,72.64,,,,55.95,65.92,4,4,2,14,2,2,2.01,1.07,0.29,125,180,0,1.90,0.53,0.26,6.72,0.56,15.57,2.87,0.59,4.29,1.82,5.17,8.17,LOW
HgAlLa,Al1Hg1La1.T0003.ABC,,80,,,35,,44,200.59,,,,82.94,111.92,6,4.50,3,12,8,10,2,1.35,0.51,150,160,70,1.32,1.18,0.95,6.85,0.06,14.88,2.12,0.29,10.82,5.34,3.42,8.49,LOW
HgAlSc,Al1Hg1Sc1.T0003.ABC,,80,,,17,,8,200.59,,,,35.97,17.97,6,3.50,1,12,8,10,2,1.49,0.25,150,142.50,35,1.32,1.17,0.99,6.30,0.09,18.39,3.03,0.70,2.23,65.45,3.94,13.42,LOW
HgAlY,Al1Hg1Y1.T0003.ABC,,80,,,26,,26,200.59,,,,57.94,61.92,6,4,2,12,8,10,2,1.42,0.39,150,152.50,55,1.32,1.16,1,6.55,0.08,16.69,2.59,0.42,10.22,10.02,3.60,9.31,LOW
HgInLa,Hg1In1La1.T0003.CAB,,80,,,53,,8,200.59,,,,126.86,24.09,6,5.50,1,12,8,10,2,1.44,0.68,150,175,40,1.32,1.15,0.90,6.85,0.14,15.04,2.16,0.36,11.12,4.10,2.79,3.15,LOW
InBaSr,Ba1In1Sr1.T0003.ABC,,49,,,47,,18,114.82,,,,112.47,49.71,5,5.50,1,13,2,0,1.78,0.92,0.06,155,207.50,15,1.60,0.53,0.05,8.01,0.21,9.57,1.99,0.24,7.54,0.20,1.33,1.17,LOW
InCdY,Cd1In1Y1.T0003.ABC,,49,,,43.50,,9,114.82,,,,100.66,23.51,5,5,0,13,7.50,9,1.78,1.46,0.47,155,167.50,25,1.60,1.01,0.70,6.70,0.10,15.96,2.45,0.44,7.65,3.88,3.45,4.39,LOW
InMgSc,In1Mg1Sc1.T0003.CAB,,49,,,16.50,,9,114.82,,,,34.63,20.65,5,3.50,1,13,2.50,1,1.78,1.33,0.05,155,155,10,1.60,0.97,0.61,6.62,0.11,16.09,3.21,0.63,3.52,5.20,3.14,13.51,LOW
InMgY,In1Mg1Y1.T0003.CAB,,49,,,25.50,,27,114.82,,,,56.61,64.60,5,4,2,13,2.50,1,1.78,1.26,0.09,155,165,30,1.60,0.97,0.62,6.86,0.19,14.65,2.87,0.43,4.63,5.13,3.17,11.88,LOW
IrAsCr,As1Cr1Ir1.T0003.BCA,,77,,,28.50,,9,192.22,,,,63.46,22.93,6,4,0,9,10.50,9,2.20,1.92,0.52,135,127.50,25,1.05,1.52,1.27,5.70,0.53,25.32,2.02,1.54,5.19,30.41,22.60,0.45,HIGH
IrAsTi,As1Ir1Ti1.T0003.ABC,,77,,,27.50,,11,192.22,,,,61.39,27.05,6,4,0,9,9.50,11,2.20,1.86,0.64,135,127.50,25,1.05,1.48,1.37,5.84,0.74,22.91,3.25,0.85,4.92,110.39,21.39,30.07,HIGH
IrAsV,As1Ir1V1.T0003.ABC,,77,,,28,,10,192.22,,,,62.93,23.98,6,4,0,9,10,10,2.20,1.91,0.55,135,125,20,1.05,1.50,1.32,5.75,0.79,24.15,2.90,0.91,3.21,89.77,23.33,14.81,HIGH
IrAsZr,As1Ir1Zr1.T0003.ABC,,77,,,36.50,,7,192.22,,,,83.07,16.30,6,4.50,1,9,9.50,11,2.20,1.75,0.85,135,135,40,1.05,1.46,1.40,6.06,0.29,20.92,3.02,0.91,2.94,120.69,21.42,17.40,HIGH
IrBiTi,Bi1Ir1Ti1.T0003.ABC,,77,,,52.50,,61,192.22,,,,128.42,161.11,6,5,2,9,9.50,11,2.20,1.78,0.48,135,150,20,1.05,1.42,1.25,6.19,0.60,19.83,2.51,0.58,7.20,28.26,28.79,9.78,HIGH
IrBiZr,Bi1Ir1Zr1.T0003.ABC,,77,,,61.50,,43,192.22,,,,150.10,117.76,6,5.50,1,9,9.50,11,2.20,1.68,0.69,135,157.50,5,1.05,1.40,1.28,6.36,0.25,18.47,2.72,0.57,5.30,36.79,20.77,12.83,HIGH
IrCrGe,Cr1Ge1Ir1.T0003.BCA,,77,,,28,,8,192.22,,,,62.32,20.64,6,4,0,9,10,8,2.20,1.83,0.35,135,132.50,15,1.05,1.40,1.01,5.68,0.53,25.10,2.83,1.05,3.56,30.95,21.00,15.57,HIGH
IrGeNb,Ge1Ir1Nb1.T0003.ABC,,77,,,36.50,,9,192.22,,,,82.77,20.27,6,4.50,1,9,9.50,9,2.20,1.80,0.41,135,135,20,1.05,1.36,1.08,5.92,0.64,22.23,3.40,1.04,2.59,141.86,19.96,33.02,HIGH
IrGeTa,Ge1Ir1Ta1.T0003.ABC,,77,,,52.50,,41,192.22,,,,126.79,108.31,6,5,2,9,9.50,9,2.20,1.75,0.51,135,135,20,1.05,1.36,1.07,5.93,0.95,22.47,3.08,1.01,1.90,334.31,24.61,37.24,HIGH
IrGeV,Ge1Ir1V1.T0003.ABC,,77,,,27.50,,9,192.22,,,,61.79,21.70,6,4,0,9,9.50,9,2.20,1.82,0.38,135,130,10,1.05,1.37,1.06,5.74,0.32,24.10,3.29,0.93,3.94,103.83,19.69,29.99,HIGH
IrHfSb,Hf1Ir1Sb1.T0003.ABC,,77,,,61.50,,21,192.22,,,,150.12,56.73,6,5.50,1,9,9.50,11,2.20,1.68,0.75,135,150,10,1.05,1.43,1.30,6.22,0.90,19.77,2.90,0.77,2.26,177.92,21.07,24.68,HIGH
IrNbPb,Ir1Nb1Pb1.T0003.CAB,,77,,,61.50,,41,192.22,,,,150.05,114.29,6,5.50,1,9,9.50,9,2.20,1.97,0.73,135,162.50,35,1.05,1.31,0.98,6.21,0.73,19.79,2.66,0.62,4.62,61.99,22.53,12.06,HIGH
IrNbSi,Ir1Nb1Si1.T0003.CAB,,77,,,27.50,,27,192.22,,,,60.50,64.82,6,4,2,9,9.50,9,2.20,1.75,0.30,135,127.50,35,1.05,1.38,1.12,5.86,0.48,22.13,3.71,0.97,4.14,122.98,20.46,22.13,HIGH
IrNbSn,Ir1Nb1Sn1.T0003.CAB,,77,,,45.50,,9,192.22,,,,105.81,25.80,6,5,0,9,9.50,9,2.20,1.78,0.36,135,145,0,1.05,1.33,1.02,6.13,0.63,20.32,3.22,1.06,2.54,146.67,20.67,16.76,HIGH
IrPTi,Ir1P1Ti1.T0003.CAB,,77,,,18.50,,7,192.22,,,,39.42,16.89,6,3.50,1,9,9.50,11,2.20,1.86,0.65,135,120,40,1.05,1.49,1.39,5.71,0.91,23.56,3.55,1.25,3.03,283.94,22.22,40.95,HIGH
IrPZr,Ir1P1Zr1.T0003.CAB,,77,,,27.50,,25,192.22,,,,61.10,60.25,6,4,2,9,9.50,11,2.20,1.76,0.86,135,127.50,55,1.05,1.47,1.42,5.96,0.76,21.49,2.99,1.24,3.76,98.61,19.35,15.79,HIGH
IrPbTa,Ir1Pb1Ta1.T0003.CAB,,77,,,77.50,,9,192.22,,,,194.07,26.25,6,6,0,9,9.50,9,2.20,1.92,0.83,135,162.50,35,1.05,1.31,0.97,6.21,1.03,19.99,2.52,0.57,5.37,49.06,20.53,9.64,HIGH
IrSbTi,Ir1Sb1Ti1.T0003.CAB,,77,,,36.50,,29,192.22,,,,84.81,73.89,6,4.50,1,9,9.50,11,2.20,1.79,0.51,135,142.50,5,1.05,1.44,1.29,6.07,0.83,20.71,3.14,0.74,5.84,61.44,20.70,19.18,HIGH
IrSbV,Ir1Sb1V1.T0003.CAB,,77,,,37,,28,192.22,,,,86.35,70.82,6,4.50,1,9,10,10,2.20,1.84,0.42,135,140,10,1.05,1.46,1.24,5.99,0.92,21.78,2.63,1.42,3.88,88.94,22.11,11.94,HIGH
IrSbZr,Ir1Sb1Zr1.T0003.CAB,,77,,,45.50,,11,192.22,,,,106.49,30.54,6,5,0,9,9.50,11,2.20,1.69,0.72,135,150,10,1.05,1.42,1.32,6.26,1.39,19.15,3.18,0.79,3.34,91.35,20.57,21.28,HIGH
IrSiTa,Ir1Si1Ta1.T0003.CAB,,77,,,43.50,,59,192.22,,,,104.52,152.86,6,4.50,3,9,9.50,9,2.20,1.70,0.40,135,127.50,35,1.05,1.39,1.11,5.87,0.81,22.34,3.34,1.21,6.42,724.62,27.05,65.56,HIGH
IrSiV,Ir1Si1V1.T0003.CAB,,77,,,18.50,,9,192.22,,,,39.51,22.86,6,3.50,1,9,9.50,9,2.20,1.76,0.27,135,122.50,25,1.05,1.39,1.10,5.64,0.22,24.13,3.80,1.17,3.09,245.28,19.90,46.69,HIGH
IrSnTa,Ir1Sn1Ta1.T0003.CAB,,77,,,61.50,,23,192.22,,,,149.83,62.24,6,5.50,1,9,9.50,9,2.20,1.73,0.46,135,145,0,1.05,1.33,1.01,6.13,0.96,20.53,2.99,0.73,2.92,170.20,21.31,22.09,HIGH
IrSnV,Ir1Sn1V1.T0003.CAB,,77,,,36.50,,27,192.22,,,,84.83,67.77,6,4.50,1,9,9.50,9,2.20,1.79,0.33,135,140,10,1.05,1.34,1,5.96,0.33,21.88,2.89,0.78,4.93,48.41,20.28,11.91,HIGH
LaBrSe,Br1La1Se1.T0003.ABC,,57,,,34.50,,1,138.91,,,,79.43,0.94,6,4,0,3,16.50,1,1.10,2.75,0.41,195,115,0,0.70,2.52,0.24,6.99,2.64,14.14,2.61,0.62,4.50,3.50,13.85,5.26,HIGH
LaBrTe,Br1La1Te1.T0003.ABC,,57,,,43.50,,17,138.91,,,,103.75,47.70,6,4.50,1,3,16.50,1,1.10,2.53,0.86,195,127.50,25,0.70,2.48,0.32,7.30,2.31,12.50,2.75,0.38,7.72,0.60,15.29,2.03,HIGH
LiBaBi,Ba1Bi1Li1.T0003.BCA,,3,,,69.50,,27,6.94,,,,173.15,71.65,2,6,0,1,8.50,13,0.98,1.46,1.13,145,187.50,55,0.45,1.27,1.54,7.16,0.35,12.84,2.02,0.26,0.76,16.19,5.38,1.42,LOW
LiBaSb,Ba1Li1Sb1.T0003.ABC,,3,,,53.50,,5,6.94,,,,129.54,15.57,2,5.50,1,1,8.50,13,0.98,1.47,1.16,145,180,70,0.45,1.29,1.58,7.07,0.44,13.30,2.37,0.42,0.27,24.57,3.81,1.16,LOW
LiKTe,K1Li1Te1.T0003.ABC,,3,,,35.50,,33,6.94,,,,83.35,88.50,2,4.50,1,1,8.50,15,0.98,1.46,1.28,145,180,80,0.45,1.33,1.97,6.78,2.53,15.00,2.58,0.40,4.59,0.72,4.22,1.15,LOW
MnAsNb,As1Mn1Nb1.T0003.ABC,,25,,,37,,8,54.94,,,,83.91,17.98,4,4.50,1,7,10,10,1.55,1.89,0.58,140,130,30,0.94,1.49,1.34,5.65,0.86,25.38,3.59,1.46,2.83,78.84,32.80,11.50,HIGH
MnAsTa,As1Mn1Ta1.T0003.ABC,,25,,,53,,40,54.94,,,,127.94,106.03,4,5,2,7,10,10,1.55,1.84,0.68,140,130,30,0.94,1.50,1.33,5.66,1.12,25.46,3.00,1.18,5.24,69.15,38.61,8.59,HIGH
MnHfTe,Hf1Mn1Te1.T0003.ABC,,25,,,62,,20,54.94,,,,153.04,50.89,4,5.50,1,7,10,12,1.55,1.70,0.80,140,147.50,15,0.94,1.55,1.54,5.98,0.63,21.93,3.01,0.95,6.46,46.37,25.56,8.51,HIGH
MnNbSe,Mn1Nb1Se1.T0003.CAB,,25,,,37.50,,7,54.94,,,,85.93,13.95,4,4.50,1,7,10.50,11,1.55,2.08,0.95,140,130,30,0.94,1.61,1.58,5.63,0.14,25.16,3.83,1.55,2.52,135.95,23.20,32.87,HIGH
MnNbTe,Mn1Nb1Te1.T0003.CAB,,25,,,46.50,,11,54.94,,,,110.25,34.69,4,5,0,7,10.50,11,1.55,1.85,0.50,140,142.50,5,0.94,1.57,1.50,5.87,0.10,22.42,3.82,1.39,3.48,139.68,28.15,25.61,HIGH
MnSbTa,Mn1Sb1Ta1.T0003.CAB,,25,,,62,,22,54.94,,,,151.35,59.19,4,5.50,1,7,10,10,1.55,1.77,0.55,140,145,0,0.94,1.46,1.25,5.91,1.16,22.58,2.68,1.01,6.35,65.20,29.63,9.17,HIGH
MnTaTe,Mn1Ta1Te1.T0003.CAB,,25,,,62.50,,21,54.94,,,,154.27,53.35,4,5.50,1,7,10.50,11,1.55,1.80,0.60,140,142.50,5,0.94,1.57,1.49,5.85,0.38,22.69,3.48,1.17,5.11,210.19,28.50,33.36,HIGH
MnTeTi,Mn1Te1Ti1.T0003.CAB,,25,,,37,,30,54.94,,,,87.73,79.73,4,4.50,1,7,10,12,1.55,1.82,0.56,140,140,0,0.94,1.55,1.53,5.82,1.27,23.70,2.68,1.47,4.89,16.67,27.90,0.77,HIGH
MnTeV,Mn1Te1V1.T0003.CAB,,25,,,37.50,,29,54.94,,,,89.27,76.66,4,4.50,1,7,10.50,11,1.55,1.86,0.47,140,137.50,5,0.94,1.58,1.48,5.70,0.11,24.08,3.71,1.13,4.17,55.24,30.95,21.62,HIGH
MnTeY,Mn1Te1Y1.T0003.CAB,,25,,,45.50,,13,54.94,,,,108.25,38.69,4,5,0,7,9.50,13,1.55,1.66,0.88,140,160,40,0.94,1.49,1.66,6.23,0.55,19.86,3.12,1.09,5.63,6.05,20.09,2.17,HIGH
MnTeZr,Mn1Te1Zr1.T0003.CAB,,25,,,46,,12,54.94,,,,109.41,36.38,4,5,0,7,10,12,1.55,1.72,0.77,140,147.50,15,0.94,1.54,1.56,6.03,1.23,21.29,3.54,1.17,3.51,52.47,25.21,12.52,HIGH
NiAlTa,Al1Ni1Ta1.T0003.ABC,,28,,,43,,60,58.69,,,,103.97,153.97,4,4.50,3,10,9,8,1.91,1.55,0.11,135,135,20,1.09,1.25,0.83,5.64,0.05,24.54,3.75,0.86,3.99,400.10,19.64,45.92,HIGH
NiAlV,Al1Ni1V1.T0003.ABC,,28,,,18,,10,58.69,,,,38.96,23.96,4,3.50,1,10,9,8,1.91,1.62,0.02,135,130,10,1.09,1.25,0.82,5.47,0.17,26.32,4.60,1.39,2.05,157.13,16.67,30.37,HIGH
NiAsSc,As1Ni1Sc1.T0003.ABC,,28,,,27,,12,58.69,,,,59.94,29.97,4,4,0,10,9,12,1.91,1.77,0.82,135,137.50,45,1.09,1.42,1.49,5.67,0.47,24.83,4.07,1.13,1.94,121.27,19.39,17.48,HIGH
NiAsY,As1Ni1Y1.T0003.ABC,,28,,,36,,6,58.69,,,,81.91,13.98,4,4.50,1,10,9,12,1.91,1.70,0.96,135,147.50,65,1.09,1.41,1.50,5.93,0.50,22.38,3.44,0.74,2.60,24.17,12.30,5.62,HIGH
NiBiLa,Bi1La1Ni1.T0003.BCA,,28,,,70,,26,58.69,,,,173.94,70.07,4,6,0,10,9,12,1.91,1.56,0.92,135,177.50,35,1.09,1.37,1.33,6.47,0.39,17.81,2.86,0.66,3.10,16.85,11.96,5.35,HIGH
NiBiSc,Bi1Ni1Sc1.T0003.ABC,,28,,,52,,62,58.69,,,,126.97,164.02,4,5,2,10,9,12,1.91,1.69,0.66,135,160,0,1.09,1.35,1.37,6.04,0.18,21.04,3.07,0.70,3.01,70.43,33.67,14.34,HIGH
NiBiY,Bi1Ni1Y1.T0003.ABC,,28,,,61,,44,58.69,,,,148.94,120.08,4,5.50,1,10,9,12,1.91,1.62,0.80,135,170,20,1.09,1.35,1.38,6.26,0.20,19.30,2.99,0.66,5.53,25.09,21.45,10.55,HIGH
NiCaTe,Ca1Ni1Te1.T0003.ABC,,28,,,36,,32,58.69,,,,83.84,87.52,4,4.50,1,10,9,14,1.91,1.55,1.10,135,160,40,1.09,1.46,1.72,6.15,0.23,20.16,3.31,0.69,9.11,25.56,9.69,5.78,LOW
NiGaNb,Ga1Nb1Ni1.T0003.BCA,,28,,,36,,10,58.69,,,,81.31,23.18,4,4.50,1,10,9,8,1.91,1.71,0.21,135,137.50,15,1.09,1.25,0.86,5.63,0.12,25.44,4.03,1.22,1.78,124.43,19.99,22.89,HIGH
NiGaTa,Ga1Ni1Ta1.T0003.ABC,,28,,,52,,42,58.69,,,,125.33,111.22,4,5,2,10,9,8,1.91,1.66,0.31,135,137.50,15,1.09,1.25,0.85,5.62,0.29,25.72,3.46,0.93,3.80,178.25,28.55,27.86,HIGH
NiGaV,Ga1Ni1V1.T0003.ABC,,28,,,27,,8,58.69,,,,60.33,18.78,4,4,0,10,9,8,1.91,1.72,0.18,135,132.50,5,1.09,1.26,0.84,5.43,0.38,27.87,4.02,1.21,2.65,92.26,19.08,21.22,HIGH
NiGeHf,Ge1Hf1Ni1.T0003.BCA,,28,,,52,,40,58.69,,,,125.56,105.85,4,5,2,10,9,10,1.91,1.66,0.71,135,140,30,1.09,1.34,1.12,5.72,0.58,24.59,3.40,0.90,3.67,107.58,27.45,19.57,HIGH
NiGeTi,Ge1Ni1Ti1.T0003.ABC,,28,,,27,,10,58.69,,,,60.25,24.77,4,4,0,10,9,10,1.91,1.77,0.47,135,132.50,15,1.09,1.34,1.11,5.53,0.64,26.31,4.39,1.41,1.68,98.67,19.51,25.29,HIGH
NiGeZr,Ge1Ni1Zr1.T0003.ABC,,28,,,36,,8,58.69,,,,81.93,18.58,4,4.50,1,10,9,10,1.91,1.67,0.68,135,140,30,1.09,1.33,1.14,5.78,0.68,23.73,3.95,1.37,0.58,116.68,20.01,21.16,HIGH
NiHfPb,Hf1Ni1Pb1.T0003.ABC,,28,,,77,,10,58.69,,,,192.84,28.71,4,6,0,10,9,10,1.91,1.81,1.03,135,167.50,25,1.09,1.29,1.02,6.02,0.26,21.63,2.81,0.69,8.58,56.75,17.18,17.66,HIGH
NiHfSi,Hf1Ni1Si1.T0003.ABC,,28,,,43,,58,58.69,,,,103.29,150.41,4,4.50,3,10,9,10,1.91,1.60,0.60,135,132.50,45,1.09,1.36,1.17,5.64,0.70,24.56,3.71,0.96,2.35,745,24.95,42.16,HIGH
NiHfSn,Hf1Ni1Sn1.T0003.ABC,,28,,,61,,22,58.69,,,,148.60,59.78,4,5.50,1,10,9,10,1.91,1.63,0.66,135,150,10,1.09,1.31,1.06,5.95,0.39,22.19,3.28,0.90,3.90,75.35,22.14,19.52,HIGH
NiInNb,In1Nb1Ni1.T0003.BCA,,28,,,45,,8,58.69,,,,103.86,21.91,4,5,0,10,9,8,1.91,1.69,0.18,135,150,10,1.09,1.21,0.78,5.87,0.06,22.83,3.57,1.13,2.77,142.41,19.56,14.57,HIGH
NiInTa,In1Ni1Ta1.T0003.ABC,,28,,,61,,24,58.69,,,,147.88,66.13,4,5.50,1,10,9,8,1.91,1.64,0.28,135,150,10,1.09,1.22,0.77,5.83,0.23,23.35,3.22,1.02,4.51,115.76,21.54,18.17,HIGH
NiLaSb,La1Ni1Sb1.T0003.ABC,,28,,,54,,6,58.69,,,,130.33,17.15,4,5.50,1,10,9,12,1.91,1.57,0.95,135,170,50,1.09,1.39,1.38,6.39,0.47,18.39,3.21,0.85,1.20,39.51,11.45,3.82,HIGH
NiPSc,Ni1P1Sc1.T0003.CAB,,28,,,18,,6,58.69,,,,37.96,13.98,4,3.50,1,10,9,12,1.91,1.77,0.83,135,130,60,1.09,1.43,1.51,5.53,0.59,25.63,4.65,1.39,2.31,66.23,13.52,14.35,HIGH
NiPY,Ni1P1Y1.T0003.CAB,,28,,,27,,24,58.69,,,,59.94,57.93,4,4,2,10,9,12,1.91,1.71,0.97,135,140,80,1.09,1.42,1.52,5.85,0.60,22.78,3.50,0.89,3.33,13.68,15.03,3.78,HIGH
NiPbTi,Ni1Pb1Ti1.T0003.CAB,,28,,,52,,60,58.69,,,,127.53,159.33,4,5,2,10,9,10,1.91,1.94,0.79,135,160,40,1.09,1.29,1.01,5.87,0.34,22.82,3.01,0.76,1.42,228.18,46.34,26.13,HIGH
NiPbZr,Ni1Pb1Zr1.T0003.CAB,,28,,,61,,42,58.69,,,,149.21,115.98,4,5.50,1,10,9,10,1.91,1.83,1,135,167.50,25,1.09,1.28,1.04,6.06,0.37,21.00,3.14,0.74,4.22,39.04,19.53,15.17,HIGH
NiSbSc,Ni1Sb1Sc1.T0003.CAB,,28,,,36,,30,58.69,,,,83.36,76.80,4,4.50,1,10,9,12,1.91,1.71,0.69,135,152.50,15,1.09,1.38,1.41,5.93,0.27,21.96,3.81,0.96,2.92,74.16,19.63,16.35,HIGH
NiSbY,Ni1Sb1Y1.T0003.CAB,,28,,,45,,12,58.69,,,,105.33,32.85,4,5,0,10,9,12,1.91,1.64,0.83,135,162.50,35,1.09,1.37,1.42,6.16,0.30,20.04,3.50,0.89,2.26,61.44,21.06,10.81,HIGH
NiSiTi,Ni1Si1Ti1.T0003.CAB,,28,,,18,,8,58.69,,,,37.98,19.78,4,3.50,1,10,9,10,1.91,1.72,0.36,135,125,30,1.09,1.36,1.15,5.44,0.75,26.27,5.20,1.76,1.10,225.44,19.00,42.76,HIGH
NiSiZr,Ni1Si1Zr1.T0003.CAB,,28,,,27,,26,58.69,,,,59.65,63.14,4,4,2,10,9,10,1.91,1.61,0.57,135,132.50,45,1.09,1.35,1.18,5.69,0.81,23.72,4.42,1.63,1.87,170.56,23.30,27.69,HIGH
NiSnTi,Ni1Sn1Ti1.T0003.CAB,,28,,,36,,28,58.69,,,,83.29,70.84,4,4.50,1,10,9,10,1.91,1.75,0.42,135,142.50,5,1.09,1.31,1.05,5.82,0.45,23.19,3.71,0.91,4.60,57.12,20.32,16.82,HIGH
NiSnZr,Ni1Sn1Zr1.T0003.CAB,,28,,,45,,10,58.69,,,,104.97,27.49,4,5,0,10,9,10,1.91,1.65,0.63,135,150,10,1.09,1.30,1.08,5.99,0.50,21.54,3.73,1.01,2.83,73.28,20.69,17.49,HIGH
OsAsNb,As1Nb1Os1.T0003.BCA,,76,,,37,,8,190.23,,,,83.91,17.98,6,4.50,1,8,10,10,2.20,1.89,0.58,130,130,30,0.99,1.49,1.34,5.93,0.25,22.21,3.17,1.05,2.27,207.18,24.38,35.67,HIGH
OsNbSb,Nb1Os1Sb1.T0003.ABC,,76,,,46,,10,190.23,,,,107.33,28.85,6,5,0,8,10,10,2.20,1.82,0.45,130,145,0,0.99,1.45,1.26,6.13,0.27,20.27,3.22,0.88,3.41,112.64,22.80,24.77,HIGH
OsSbTa,Os1Sb1Ta1.T0003.CAB,,76,,,62,,22,190.23,,,,151.35,59.19,6,5.50,1,8,10,10,2.20,1.77,0.55,130,145,0,0.99,1.46,1.25,6.13,0.57,20.49,2.99,0.81,2.71,245.13,23.77,28.83,HIGH
,,,,,,,,,,,,,,,,,,,,,,,,,,,,,,,,,,,,,,,
,,,,,,,,,,,,,,,,,,,,,,,,,,,,,,,,,,,,,,,
OsSbV,Os1Sb1V1.T0003.CAB,,76,,,37,,28,190.23,,,,86.35,70.82,6,4.50,1,8,10,10,2.20,1.84,0.42,130,140,10,0.99,1.46,1.24,5.95,0.14,21.84,2.81,0.87,4.39,45.37,23.40,12.75,HIGH
OsTeTi,Os1Te1Ti1.T0003.CAB,,76,,,37,,30,190.23,,,,87.73,79.73,6,4.50,1,8,10,12,2.20,1.82,0.56,130,140,0,0.99,1.55,1.53,6.06,0.44,20.74,3.08,0.75,5.72,62.71,20.64,23.35,HIGH
PAgCa,Ag1Ca1P1.T0003.BCA,,15,,,33.50,,27,30.97,,,,73.97,67.79,3,4.50,1,15,6.50,9,2.19,1.47,0.93,100,170,20,2.18,0.89,0.58,6.28,0.60,18.64,2.91,0.57,6.42,2.17,5.71,2.21,LOW
PBaK,Ba1K1P1.T0003.BCA,,15,,,37.50,,37,30.97,,,,88.21,98.23,3,5,2,15,1.50,1,2.19,0.85,0.07,100,217.50,5,2.18,0.42,0.15,7.44,1.12,11.63,2.24,0.36,8.38,1.01,4.75,4.55,LOW
PBaNa,Ba1Na1P1.T0003.BCA,,15,,,33.50,,45,30.97,,,,80.16,114.34,3,4.50,3,15,1.50,1,2.19,0.91,0.04,100,197.50,35,2.18,0.45,0.10,7.07,1.16,13.37,2.28,0.57,6.84,1.72,5.33,4.07,LOW
PBeCu,Be1Cu1P1.T0003.BCA,,15,,,16.50,,25,30.97,,,,36.28,54.53,3,3,2,15,6.50,9,2.19,1.74,0.33,100,120,30,2.18,1.35,0.30,5.25,0.76,29.24,3.25,2.06,4.58,24.16,9.10,6.54,LOW
PBeLi,Be1Li1P1.T0003.BCA,,15,,,3.50,,1,30.97,,,,7.98,2.07,3,2,0,15,1.50,1,2.19,1.27,0.59,100,125,40,2.18,0.97,1.05,5.25,1.17,25.23,6.06,2.38,1.57,39.70,5.84,30.63,LOW
PCaK,Ca1K1P1.T0003.BCA,,15,,,19.50,,1,30.97,,,,39.59,0.98,3,4,0,15,1.50,1,2.19,0.91,0.18,100,200,40,2.18,0.47,0.25,6.99,1.54,13.75,3.27,0.86,3.59,2.10,4.49,4.17,LOW
PCaLi,Ca1Li1P1.T0003.BCA,,15,,,11.50,,17,30.97,,,,23.51,33.14,3,3,2,15,1.50,1,2.19,0.99,0.02,100,162.50,35,2.18,0.53,0.15,6.30,1.92,17.53,3.76,0.94,2.39,2.10,4.88,6.08,LOW
PCaNa,Ca1Na1P1.T0003.BCA,,15,,,15.50,,9,30.97,,,,31.53,17.09,3,3.50,1,15,1.50,1,2.19,0.96,0.07,100,180,0,2.18,0.50,0.20,6.58,1.91,16.14,3.87,1.03,1.65,14.67,4.63,11.34,LOW
PCdLi,Cd1Li1P1.T0003.BCA,,15,,,25.50,,45,30.97,,,,59.68,105.47,3,3.50,3,15,6.50,11,2.19,1.33,0.71,100,150,10,2.18,0.91,0.91,5.97,0.62,21.04,3.02,0.81,5.02,10.74,6.90,8.73,LOW
PCdNa,Cd1Na1P1.T0003.BCA,,15,,,29.50,,37,30.97,,,,67.70,89.42,3,4,2,15,6.50,11,2.19,1.31,0.76,100,167.50,25,2.18,0.88,0.96,6.23,0.06,19.07,3.02,0.50,4.66,3.87,6.64,6.05,LOW
PCrPd,Cr1P1Pd1.T0003.ABC,,15,,,35,,22,30.97,,,,79.21,54.42,3,4.50,1,15,8,4,2.19,1.93,0.54,100,140,0,2.18,1.00,0.23,5.45,0.20,27.22,4.19,1.22,5.59,112.47,8.73,36.01,LOW
PCuMg,Cu1Mg1P1.T0003.BCA,,15,,,20.50,,17,30.97,,,,43.93,39.24,3,3.50,1,15,6.50,9,2.19,1.60,0.59,100,142.50,15,2.18,1.24,0.08,5.70,0.74,24.14,3.27,0.87,3.32,3.47,7.12,2.09,LOW
PKSr,K1P1Sr1.T0003.ABC,,15,,,28.50,,19,30.97,,,,63.36,48.52,3,4.50,1,15,1.50,1,2.19,0.89,0.13,100,210,20,2.18,0.45,0.20,7.21,1.24,12.69,2.76,0.47,7.62,1.43,4.57,4.92,LOW
PLiMg,Li1Mg1P1.T0003.BCA,,15,,,7.50,,9,30.97,,,,15.62,17.36,3,2.50,1,15,1.50,1,2.19,1.15,0.33,100,147.50,5,2.18,0.86,0.83,5.90,1.54,20.66,4.90,1.28,2.33,4.24,5.85,14.83,LOW
PLiZn,Li1P1Zn1.T0003.ABC,,15,,,16.50,,27,30.97,,,,36.17,58.47,3,3,2,15,6.50,11,2.19,1.31,0.67,100,140,10,2.18,0.94,0.99,5.57,1.33,24.57,4.13,1.40,4.89,9.84,6.76,18.32,LOW
PMgNa,Mg1Na1P1.T0003.BCA,,15,,,11.50,,1,30.97,,,,23.65,1.32,3,3,0,15,1.50,1,2.19,1.12,0.38,100,165,30,2.18,0.84,0.88,6.24,1.51,18.57,4.36,1.06,2.36,7.36,5.31,9.94,LOW
PNaZn,Na1P1Zn1.T0003.ABC,,15,,,20.50,,19,30.97,,,,44.20,42.42,3,3.50,1,15,6.50,11,2.19,1.29,0.72,100,157.50,45,2.18,0.92,1.04,5.96,0.52,21.40,3.28,0.86,5.16,5.49,6.07,2.65,LOW
PPdSc,P1Pd1Sc1.T0003.CAB,,15,,,33.50,,25,30.97,,,,75.69,61.46,3,4.50,1,15,6.50,7,2.19,1.78,0.84,100,150,20,2.18,0.90,0.45,5.86,0.34,22.54,3.13,0.65,3.00,5.57,8.64,2.72,LOW
PbBaCa,Ba1Ca1Pb1.T0003.BCA,,82,,,38,,36,207.20,,,,88.70,97.25,6,5,2,14,2,0,2.33,0.94,0.11,180,197.50,35,1.80,0.55,0.10,7.88,0.22,10.00,1.80,0.36,11.10,0.66,2.73,1.39,LOW
PbBaK,Ba1K1Pb1.T0003.BCA,,82,,,37.50,,37,207.20,,,,88.21,98.23,6,5,2,14,1.50,1,2.33,0.85,0.07,180,217.50,5,1.80,0.42,0.15,8.13,0.56,9.14,1.32,0.23,18.40,0.17,2.70,0.53,LOW
PbBrCl,Br1Cl1Pb1.T0003.BCA,,82,,,26,,18,207.20,,,,57.68,44.45,6,3.50,1,14,17,0,2.33,3.06,0.20,180,107.50,15,1.80,2.67,0.06,6.98,3.09,14.28,2.12,0.51,11.62,0.16,6.92,0.83,LOW
PbCaMg,Ca1Mg1Pb1.T0003.BCA,,82,,,16,,8,207.20,,,,32.19,15.77,6,3.50,1,14,2,0,2.33,1.16,0.31,180,165,30,1.80,0.94,0.68,6.95,0.47,14.06,2.50,0.58,5.06,3.23,3.67,6.71,LOW
PbCaNa,Ca1Na1Pb1.T0003.BCA,,82,,,15.50,,9,207.20,,,,31.53,17.09,6,3.50,1,14,1.50,1,2.33,0.96,0.07,180,180,0,1.80,0.50,0.20,7.38,0.97,12.05,1.07,0.43,8.40,0.36,3.01,0.44,LOW
PbCaSr,Ca1Pb1Sr1.T0003.ABC,,82,,,29,,18,207.20,,,,63.85,47.54,6,4.50,1,14,2,0,2.33,0.97,0.05,180,190,20,1.80,0.57,0.05,7.63,0.58,10.92,2.16,0.36,11.98,0.48,2.58,2.94,LOW
PbKLa,K1La1Pb1.T0003.BCA,,82,,,38,,38,207.20,,,,89.00,99.81,6,5,2,14,2,2,2.33,0.96,0.28,180,207.50,25,1.80,0.53,0.35,7.72,0.34,10.60,1.53,0.24,10.86,0.47,3.12,1.50,LOW
PbLiSc,Li1Pb1Sc1.T0003.ABC,,82,,,12,,18,207.20,,,,25.95,38.01,6,3,2,14,2,2,2.33,1.17,0.38,180,152.50,15,1.80,0.56,0.22,6.58,0.68,15.93,2.07,0.31,0.32,193.65,3.61,54.83,LOW
PbLiY,Li1Pb1Y1.T0003.ABC,,82,,,21,,36,207.20,,,,47.92,81.96,6,3.50,3,14,2,2,2.33,1.10,0.24,180,162.50,35,1.80,0.56,0.21,6.88,0.75,14.27,1.89,0.25,2.49,6.08,3.63,13.79,LOW
PbMgSr,Mg1Pb1Sr1.T0003.ABC,,82,,,25,,26,207.20,,,,55.96,63.31,6,4,2,14,2,0,2.33,1.13,0.36,180,175,50,1.80,0.92,0.73,7.28,0.11,12.46,2.08,0.50,9.35,1.83,3.86,3.08,LOW
PbNaSc,Na1Pb1Sc1.T0003.ABC,,82,,,16,,10,207.20,,,,33.97,21.97,6,3.50,1,14,2,2,2.33,1.15,0.43,180,170,20,1.80,0.54,0.27,6.85,0.69,14.80,2.17,0.50,6.52,4.91,3.66,7.94,LOW
PdAlTa,Al1Pd1Ta1.T0003.ABC,,46,,,43,,60,106.42,,,,103.97,153.97,5,4.50,3,10,9,8,2.20,1.55,0.11,140,135,20,1.12,1.25,0.83,5.93,0.30,21.72,3.38,0.92,6.83,243.59,8.09,45.98,LOW
PdAsLa,As1La1Pd1.T0003.BCA,,46,,,45,,24,106.42,,,,106.91,63.98,5,5,2,10,9,12,2.20,1.64,1.08,140,155,80,1.12,1.43,1.46,6.48,0.63,17.72,2.24,0.86,3.74,7.17,5.33,1.60,LOW
PdAsSc,As1Pd1Sc1.T0003.ABC,,46,,,27,,12,106.42,,,,59.94,29.97,5,4,0,10,9,12,2.20,1.77,0.82,140,137.50,45,1.12,1.42,1.49,5.99,0.48,21.53,3.31,0.80,4.03,25.76,9.25,10.85,LOW
PdAsY,As1Pd1Y1.T0003.ABC,,46,,,36,,6,106.42,,,,81.91,13.98,5,4.50,1,10,9,12,2.20,1.70,0.96,140,147.50,65,1.12,1.41,1.50,6.23,0.12,19.55,2.77,0.53,4.88,7.99,5.56,4.31,LOW
PdBiLa,Bi1La1Pd1.T0003.BCA,,46,,,70,,26,106.42,,,,173.94,70.07,5,6,0,10,9,12,2.20,1.56,0.92,140,177.50,35,1.12,1.37,1.33,6.78,0.30,15.62,2.34,0.49,3.82,12.84,4.09,3.59,LOW
PdBiSc,Bi1Pd1Sc1.T0003.ABC,,46,,,52,,62,106.42,,,,126.97,164.02,5,5,2,10,9,12,2.20,1.69,0.66,140,160,0,1.12,1.35,1.37,6.35,0.19,18.54,2.57,0.75,5.90,36.43,11.80,9.95,HIGH
PdGaNb,Ga1Nb1Pd1.T0003.BCA,,46,,,36,,10,106.42,,,,81.31,23.18,5,4.50,1,10,9,8,2.20,1.71,0.21,140,137.50,15,1.12,1.25,0.86,5.91,0.28,22.47,3.54,1.00,2.42,58.23,9.93,17.50,LOW
PdGaTa,Ga1Pd1Ta1.T0003.ABC,,46,,,52,,42,106.42,,,,125.33,111.22,5,5,2,10,9,8,2.20,1.66,0.31,140,137.50,15,1.12,1.25,0.85,5.91,0.47,22.70,3.18,1.01,2.78,152.52,11.85,25.41,HIGH
PdGaV,Ga1Pd1V1.T0003.ABC,,46,,,27,,8,106.42,,,,60.33,18.78,5,4,0,10,9,8,2.20,1.72,0.18,140,132.50,5,1.12,1.26,0.84,5.73,0.17,24.32,3.39,1.07,3.72,55.21,9.64,24.26,LOW
PdGeHf,Ge1Hf1Pd1.T0003.BCA,,46,,,52,,40,106.42,,,,125.56,105.85,5,5,2,10,9,10,2.20,1.66,0.71,140,140,30,1.12,1.34,1.12,6.01,0.56,21.71,3.03,0.96,2.42,102.10,11.17,17.96,HIGH
PdGeTi,Ge1Pd1Ti1.T0003.ABC,,46,,,27,,10,106.42,,,,60.25,24.77,5,4,0,10,9,10,2.20,1.77,0.47,140,132.50,15,1.12,1.34,1.11,5.83,0.65,23.04,3.68,1.05,2.97,52.59,10.03,25.62,LOW
PdGeZr,Ge1Pd1Zr1.T0003.ABC,,46,,,36,,8,106.42,,,,81.93,18.58,5,4.50,1,10,9,10,2.20,1.67,0.68,140,140,30,1.12,1.33,1.14,6.05,0.64,21.01,3.45,1.16,1.33,80.17,9.96,18.20,LOW
PdHfPb,Hf1Pb1Pd1.T0003.BCA,,46,,,77,,10,106.42,,,,192.84,28.71,5,6,0,10,9,10,2.20,1.81,1.03,140,167.50,25,1.12,1.29,1.02,6.30,0.28,19.20,2.49,0.49,6.67,19.92,6.49,10.10,LOW
PdHfSi,Hf1Pd1Si1.T0003.ABC,,46,,,43,,58,106.42,,,,103.29,150.41,5,4.50,3,10,9,10,2.20,1.60,0.60,140,132.50,45,1.12,1.36,1.17,5.95,0.67,21.64,3.27,1.08,6.39,188.61,10.63,52.11,HIGH
PdHfSn,Hf1Pd1Sn1.T0003.ABC,,46,,,61,,22,106.42,,,,148.60,59.78,5,5.50,1,10,9,10,2.20,1.63,0.66,140,150,10,1.12,1.31,1.06,6.22,0.39,19.77,2.94,0.89,3.08,60.08,9.45,15.08,LOW
PdInNb,In1Nb1Pd1.T0003.BCA,,46,,,45,,8,106.42,,,,103.86,21.91,5,5,0,10,9,8,2.20,1.69,0.18,140,150,10,1.12,1.21,0.78,6.12,0.13,20.50,3.18,1.09,2.15,123.73,9.21,12.10,LOW
PdInTa,In1Pd1Ta1.T0003.ABC,,46,,,61,,24,106.42,,,,147.88,66.13,5,5.50,1,10,9,8,2.20,1.64,0.28,140,150,10,1.12,1.22,0.77,6.11,0.33,20.75,2.91,1.02,3.49,104.96,9.12,13.92,LOW
PdLaSb,La1Pd1Sb1.T0003.ABC,,46,,,54,,6,106.42,,,,130.33,17.15,5,5.50,1,10,9,12,2.20,1.57,0.95,140,170,50,1.12,1.39,1.38,6.69,0.39,16.16,2.56,0.63,2.07,33.44,3.99,2.48,LOW
PdPbTi,Pb1Pd1Ti1.T0003.ABC,,46,,,52,,60,106.42,,,,127.53,159.33,5,5,2,10,9,10,2.20,1.94,0.79,140,160,40,1.12,1.29,1.01,6.17,0.37,20.08,2.60,0.59,4.16,23.49,14.18,9.86,HIGH
PdPbZr,Pb1Pd1Zr1.T0003.ABC,,46,,,61,,42,106.42,,,,149.21,115.98,5,5.50,1,10,9,10,2.20,1.83,1,140,167.50,25,1.12,1.28,1.04,6.34,0.36,18.69,2.77,0.71,5.63,25.10,7.17,10.31,LOW
PdSbSc,Pd1Sb1Sc1.T0003.CAB,,46,,,36,,30,106.42,,,,83.36,76.80,5,4.50,1,10,9,12,2.20,1.71,0.69,140,152.50,15,1.12,1.38,1.41,6.22,0.28,19.40,3.20,0.93,4.37,66.86,8.66,12.75,LOW
PdSbY,Pd1Sb1Y1.T0003.CAB,,46,,,45,,12,106.42,,,,105.33,32.85,5,5,0,10,9,12,2.20,1.64,0.83,140,162.50,35,1.12,1.37,1.42,6.45,0.22,17.79,2.95,0.62,3.40,31.62,8.21,7.89,LOW
PdSiTi,Pd1Si1Ti1.T0003.CAB,,46,,,18,,8,106.42,,,,37.98,19.78,5,3.50,1,10,9,10,2.20,1.72,0.36,140,125,30,1.12,1.36,1.15,5.76,0.77,22.98,4.25,1.18,3.05,87.90,10.06,31.65,LOW
PdSiZr,Pd1Si1Zr1.T0003.CAB,,46,,,27,,26,106.42,,,,59.65,63.14,5,4,2,10,9,10,2.20,1.61,0.57,140,132.50,45,1.12,1.35,1.18,6.00,0.74,20.93,3.79,1.28,2.98,122.82,10.81,28.61,HIGH
PdSnTi,Pd1Sn1Ti1.T0003.CAB,,46,,,36,,28,106.42,,,,83.29,70.84,5,4.50,1,10,9,10,2.20,1.75,0.42,140,142.50,5,1.12,1.31,1.05,6.07,0.47,20.74,3.25,0.75,4.23,28.05,9.78,13.98,LOW
PdSnV,Pd1Sn1V1.T0003.CAB,,46,,,36.50,,27,106.42,,,,84.83,67.77,5,4.50,1,10,9.50,9,2.20,1.79,0.33,140,140,10,1.12,1.34,1,6.00,0.46,21.92,3.00,1.70,4.59,23.53,10.38,2.05,HIGH
PdSnZr,Pd1Sn1Zr1.T0003.CAB,,46,,,45,,10,106.42,,,,104.97,27.49,5,5,0,10,9,10,2.20,1.65,0.63,140,150,10,1.12,1.30,1.08,6.26,0.47,19.20,3.30,0.87,2.19,64.68,9.63,12.79,LOW
PdSrTe,Pd1Sr1Te1.T0003.CAB,,46,,,45,,14,106.42,,,,107.61,39.98,5,5,0,10,9,14,2.20,1.52,1.15,140,170,60,1.12,1.44,1.77,6.71,0.07,16.03,2.29,0.31,15.18,0.85,2.15,0.68,LOW
PtAlNb,Al1Nb1Pt1.T0003.BCA,,78,,,27,,28,195.08,,,,59.94,65.92,6,4,2,10,9,8,2.28,1.60,0.01,135,135,20,1.10,1.24,0.84,5.98,0.16,21.12,3.55,0.83,5.83,102.23,16.12,17.71,HIGH
PtAlTa,Al1Pt1Ta1.T0003.ABC,,78,,,43,,60,195.08,,,,103.97,153.97,6,4.50,3,10,9,8,2.28,1.55,0.11,135,135,20,1.10,1.25,0.83,5.97,0.60,21.38,3.24,0.94,7.32,713.44,15.24,66.55,HIGH
PtAlV,Al1Pt1V1.T0003.ABC,,78,,,18,,10,195.08,,,,38.96,23.96,6,3.50,1,10,9,8,2.28,1.62,0.02,135,130,10,1.10,1.25,0.82,5.77,0.05,23.06,3.68,0.96,4.69,142.65,15.77,29.89,HIGH
PtGaNb,Ga1Nb1Pt1.T0003.BCA,,78,,,36,,10,195.08,,,,81.31,23.18,6,4.50,1,10,9,8,2.28,1.71,0.21,135,137.50,15,1.10,1.25,0.86,5.96,0.49,21.99,3.31,0.82,3.24,58.69,17.93,16.79,HIGH
PtGaTa,Ga1Pt1Ta1.T0003.ABC,,78,,,52,,42,195.08,,,,125.33,111.22,6,5,2,10,9,8,2.28,1.66,0.31,135,137.50,15,1.10,1.25,0.85,5.95,0.99,22.31,3.04,0.91,2.32,286.53,24.49,32.30,HIGH
PtGaV,Ga1Pt1V1.T0003.ABC,,78,,,27,,8,195.08,,,,60.33,18.78,6,4,0,10,9,8,2.28,1.72,0.18,135,132.50,5,1.10,1.26,0.84,5.77,0.23,23.86,3.14,0.82,3.66,80.05,17.11,25.17,HIGH
PtGeHf,Ge1Hf1Pt1.T0003.BCA,,78,,,52,,40,195.08,,,,125.56,105.85,6,5,2,10,9,10,2.28,1.66,0.71,135,140,30,1.10,1.34,1.12,6.06,1.12,21.30,2.84,0.90,2.50,156.42,23.33,20.46,HIGH
PtGeTi,Ge1Pt1Ti1.T0003.ABC,,78,,,27,,10,195.08,,,,60.25,24.77,6,4,0,10,9,10,2.28,1.77,0.47,135,132.50,15,1.10,1.34,1.11,5.88,0.88,22.57,3.32,0.81,5.25,71.99,17.64,26.74,HIGH
PtGeV,Ge1Pt1V1.T0003.ABC,,78,,,27.50,,9,195.08,,,,61.79,21.70,6,4,0,10,9.50,9,2.28,1.82,0.38,135,130,10,1.10,1.37,1.06,5.80,0.97,23.89,3.30,0.94,3.51,28.59,18.46,8.54,HIGH
PtGeZr,Ge1Pt1Zr1.T0003.ABC,,78,,,36,,8,195.08,,,,81.93,18.58,6,4.50,1,10,9,10,2.28,1.67,0.68,135,140,30,1.10,1.33,1.14,6.10,1.19,20.59,3.12,0.89,3.53,71.23,18.11,15.89,HIGH
PtHfPb,Hf1Pb1Pt1.T0003.BCA,,78,,,77,,10,195.08,,,,192.84,28.71,6,6,0,10,9,10,2.28,1.81,1.03,135,167.50,25,1.10,1.29,1.02,6.33,0.74,19.01,2.43,0.54,4.31,30.76,13.36,9.55,HIGH
PtHfSi,Hf1Pt1Si1.T0003.ABC,,78,,,43,,58,195.08,,,,103.29,150.41,6,4.50,3,10,9,10,2.28,1.60,0.60,135,132.50,45,1.10,1.36,1.17,6.00,1.28,21.24,3.02,1.11,6.74,343.06,20.02,32.07,HIGH
PtHfSn,Hf1Pt1Sn1.T0003.ABC,,78,,,61,,22,195.08,,,,148.60,59.78,6,5.50,1,10,9,10,2.28,1.63,0.66,135,150,10,1.10,1.31,1.06,6.25,0.90,19.55,2.84,0.84,2.58,93.36,19.22,15.15,HIGH
PtInNb,In1Nb1Pt1.T0003.BCA,,78,,,45,,8,195.08,,,,103.86,21.91,6,5,0,10,9,8,2.28,1.69,0.18,135,150,10,1.10,1.21,0.78,6.15,0.48,20.23,3.01,1.00,2.93,121.62,16.98,13.41,HIGH
PtInTa,In1Pt1Ta1.T0003.ABC,,78,,,61,,24,195.08,,,,147.88,66.13,6,5.50,1,10,9,8,2.28,1.64,0.28,135,150,10,1.10,1.22,0.77,6.14,0.97,20.50,2.83,1.06,2.23,202.60,18.40,13.63,HIGH
PtInV,In1Pt1V1.T0003.ABC,,78,,,36,,26,195.08,,,,82.88,63.88,6,4.50,1,10,9,8,2.28,1.71,0.15,135,145,20,1.10,1.22,0.76,5.99,0.29,21.68,2.65,1.38,4.03,106.62,16.54,9.17,HIGH
PtLaSb,La1Pt1Sb1.T0003.ABC,,78,,,54,,6,195.08,,,,130.33,17.15,6,5.50,1,10,9,12,2.28,1.57,0.95,135,170,50,1.10,1.39,1.38,6.69,0.09,16.17,2.34,0.64,7.31,6.02,8.32,1.72,LOW
PtLiNa,Li1Na1Pt1.T0003.BCA,,78,,,7,,8,195.08,,,,14.97,16.05,6,2.50,1,10,1,0,2.28,0.95,0.05,135,162.50,35,1.10,0.42,0.05,6.22,0.55,19.21,1.55,0.62,7.11,0.30,5.66,1.76,LOW
PtNbTl,Nb1Pt1Tl1.T0003.ABC,,78,,,61,,40,195.08,,,,148.65,111.48,6,5.50,1,10,9,8,2.28,1.61,0.02,135,167.50,45,1.10,1.19,0.74,6.20,0.62,19.92,2.57,0.97,4.96,107.81,14.65,10.50,HIGH
PtPbTi,Pb1Pt1Ti1.T0003.ABC,,78,,,52,,60,195.08,,,,127.53,159.33,6,5,2,10,9,10,2.28,1.94,0.79,135,160,40,1.10,1.29,1.01,6.21,0.74,19.73,2.44,0.51,9.02,22.46,31.16,7.77,HIGH
PtPbZr,Pb1Pt1Zr1.T0003.ABC,,78,,,61,,42,195.08,,,,149.21,115.98,6,5.50,1,10,9,10,2.28,1.83,1,135,167.50,25,1.10,1.28,1.04,6.36,0.82,18.50,2.67,0.57,6.58,27.66,14.98,10.69,HIGH
PtSbSc,Pt1Sb1Sc1.T0003.CAB,,78,,,36,,30,195.08,,,,83.36,76.80,6,4.50,1,10,9,12,2.28,1.71,0.69,135,152.50,15,1.10,1.38,1.41,6.24,0.65,19.21,3.01,0.68,7.63,47.35,16.48,12.89,HIGH
PtSbY,Pt1Sb1Y1.T0003.CAB,,78,,,45,,12,195.08,,,,105.33,32.85,6,5,0,10,9,12,2.28,1.64,0.83,135,162.50,35,1.10,1.37,1.42,6.47,0.13,17.63,2.76,0.50,6.09,14.23,16.64,5.44,HIGH
PtSiTi,Pt1Si1Ti1.T0003.CAB,,78,,,18,,8,195.08,,,,37.98,19.78,6,3.50,1,10,9,10,2.28,1.72,0.36,135,125,30,1.10,1.36,1.15,5.80,0.90,22.50,3.72,1.15,3.08,210.31,17.80,36.43,HIGH
PtSiV,Pt1Si1V1.T0003.CAB,,78,,,18.50,,9,195.08,,,,39.51,22.86,6,3.50,1,10,9.50,9,2.28,1.76,0.27,135,122.50,25,1.10,1.39,1.10,5.71,0.96,23.96,3.64,0.97,3.33,104.04,18.65,42.47,HIGH
PtSiZr,Pt1Si1Zr1.T0003.CAB,,78,,,27,,26,195.08,,,,59.65,63.14,6,4,2,10,9,10,2.28,1.61,0.57,135,132.50,45,1.10,1.35,1.18,6.05,1.34,20.51,3.31,1.06,3.80,133.56,19.75,17.87,HIGH
PtSnTi,Pt1Sn1Ti1.T0003.CAB,,78,,,36,,28,195.08,,,,83.29,70.84,6,4.50,1,10,9,10,2.28,1.75,0.42,135,142.50,5,1.10,1.31,1.05,6.11,0.80,20.41,3.04,0.64,6.20,39.31,18.10,15.09,HIGH
PtSnV,Pt1Sn1V1.T0003.CAB,,78,,,36.50,,27,195.08,,,,84.83,67.77,6,4.50,1,10,9.50,9,2.28,1.79,0.33,135,140,10,1.10,1.34,1,6.04,0.87,21.52,2.72,1.43,5.02,40.81,19.19,6.38,HIGH
PtSnZr,Pt1Sn1Zr1.T0003.CAB,,78,,,45,,10,195.08,,,,104.97,27.49,6,5,0,10,9,10,2.28,1.65,0.63,135,150,10,1.10,1.30,1.08,6.29,0.98,18.99,3.11,0.75,3.91,62.18,18.33,13.77,HIGH
PtTaTl,Pt1Ta1Tl1.T0003.CAB,,78,,,77,,8,195.08,,,,192.67,23.44,6,6,0,10,9,8,2.28,1.56,0.12,135,167.50,45,1.10,1.20,0.73,6.19,0.97,20.23,2.44,0.52,6.33,38.89,9.00,9.88,LOW
RhAsHf,As1Hf1Rh1.T0003.BCA,,45,,,52.50,,39,102.91,,,,126.71,103.57,5,5,2,9,9.50,11,2.28,1.74,0.88,135,135,40,1.06,1.47,1.39,5.96,0.29,22.06,2.92,0.96,1.96,228.17,24.41,21.87,HIGH
RhAsTi,As1Rh1Ti1.T0003.ABC,,45,,,27.50,,11,102.91,,,,61.39,27.05,5,4,0,9,9.50,11,2.28,1.86,0.64,135,127.50,25,1.06,1.48,1.37,5.78,0.83,23.44,3.65,1.10,2.65,95.40,20.80,33.05,HIGH
RhAsZr,As1Rh1Zr1.T0003.ABC,,45,,,36.50,,7,102.91,,,,83.07,16.30,5,4.50,1,9,9.50,11,2.28,1.75,0.85,135,135,40,1.06,1.46,1.40,6.00,1.21,21.42,3.39,1.18,0.93,205.44,21.11,27.11,HIGH
RhBiHf,Bi1Hf1Rh1.T0003.BCA,,45,,,77.50,,11,102.91,,,,193.74,30.49,5,6,0,9,9.50,11,2.28,1.66,0.72,135,157.50,5,1.06,1.41,1.26,6.28,0.15,19.26,2.53,0.79,4.47,66.20,18.78,12.81,HIGH
RhBiTi,Bi1Rh1Ti1.T0003.ABC,,45,,,52.50,,61,102.91,,,,128.42,161.11,5,5,2,9,9.50,11,2.28,1.78,0.48,135,150,20,1.06,1.42,1.25,6.14,0.72,20.17,2.65,0.61,3.90,34.97,29.58,13.03,HIGH
RhBiZr,Bi1Rh1Zr1.T0003.ABC,,45,,,61.50,,43,102.91,,,,150.10,117.76,5,5.50,1,9,9.50,11,2.28,1.68,0.69,135,157.50,5,1.06,1.40,1.28,6.32,1.02,18.76,2.84,0.68,5.60,40.17,20.94,13.01,HIGH
RhCaLi,Ca1Li1Rh1.T0003.BCA,,45,,,11.50,,17,102.91,,,,23.51,33.14,5,3,2,9,1.50,1,2.28,0.99,0.02,135,162.50,35,1.06,0.53,0.15,6.21,0.21,19.19,2.48,0.62,6.08,1.11,6.10,5.25,LOW
RhCrGe,Cr1Ge1Rh1.T0003.BCA,,45,,,28,,8,102.91,,,,62.32,20.64,5,4,0,9,10,8,2.28,1.83,0.35,135,132.50,15,1.06,1.40,1.01,5.64,0.65,25.51,3.53,1.01,2.82,50.35,20.76,19.75,HIGH
RhGeNb,Ge1Nb1Rh1.T0003.BCA,,45,,,36.50,,9,102.91,,,,82.77,20.27,5,4.50,1,9,9.50,9,2.28,1.80,0.41,135,135,20,1.06,1.36,1.08,5.87,0.68,22.66,3.78,1.18,1.48,170.74,19.47,36.67,HIGH
RhGeTa,Ge1Rh1Ta1.T0003.ABC,,45,,,52.50,,41,102.91,,,,126.79,108.31,5,5,2,9,9.50,9,2.28,1.75,0.51,135,135,20,1.06,1.36,1.07,5.87,1.11,22.87,3.32,1.03,2.37,200.45,24.22,31.57,HIGH
RhGeV,Ge1Rh1V1.T0003.ABC,,45,,,27.50,,9,102.91,,,,61.79,21.70,5,4,0,9,9.50,9,2.28,1.82,0.38,135,130,10,1.06,1.37,1.06,5.69,0.37,24.58,3.72,1.10,3.07,86.44,19.06,25.78,HIGH
RhHfP,Hf1P1Rh1.T0003.BCA,,45,,,43.50,,57,102.91,,,,104.73,147.52,5,4.50,3,9,9.50,11,2.28,1.75,0.89,135,127.50,55,1.06,1.48,1.41,5.85,0.82,22.72,3.04,1.23,4.31,265.85,23.24,43.07,HIGH
RhHfSb,Hf1Rh1Sb1.T0003.ABC,,45,,,61.50,,21,102.91,,,,150.12,56.73,5,5.50,1,9,9.50,11,2.28,1.68,0.75,135,150,10,1.06,1.43,1.30,6.17,1.11,20.07,3.02,0.79,3.22,108.66,21.01,21.42,HIGH
RhLaTe,La1Rh1Te1.T0003.ABC,,45,,,54.50,,5,102.91,,,,133.25,11.31,5,5.50,1,9,9.50,13,2.28,1.60,1,135,167.50,55,1.06,1.51,1.61,6.59,0.78,16.88,2.66,0.71,3.78,17.24,7.20,2.84,LOW
RhNbPb,Nb1Pb1Rh1.T0003.BCA,,45,,,61.50,,41,102.91,,,,150.05,114.29,5,5.50,1,9,9.50,9,2.28,1.97,0.73,135,162.50,35,1.06,1.31,0.98,6.17,0.78,20.08,2.80,0.61,3.58,65.10,23.17,13.27,HIGH
RhNbSi,Nb1Rh1Si1.T0003.ABC,,45,,,27.50,,27,102.91,,,,60.50,64.82,5,4,2,9,9.50,9,2.28,1.75,0.30,135,127.50,35,1.06,1.38,1.12,5.81,0.50,22.54,4.21,1.12,2.52,107.91,19.85,27.39,HIGH
RhNbSn,Nb1Rh1Sn1.T0003.ABC,,45,,,45.50,,9,102.91,,,,105.81,25.80,5,5,0,9,9.50,9,2.28,1.78,0.36,135,145,0,1.06,1.33,1.02,6.09,0.67,20.61,3.45,1.16,1.75,162.08,20.28,15.73,HIGH
RhPTi,P1Rh1Ti1.T0003.ABC,,45,,,18.50,,7,102.91,,,,39.42,16.89,5,3.50,1,9,9.50,11,2.28,1.86,0.65,135,120,40,1.06,1.49,1.39,5.65,0.84,24.10,4.10,1.33,2.49,128.67,21.13,43.81,HIGH
RhPZr,P1Rh1Zr1.T0003.ABC,,45,,,27.50,,25,102.91,,,,61.10,60.25,5,4,2,9,9.50,11,2.28,1.76,0.86,135,127.50,55,1.06,1.47,1.42,5.89,1.43,21.95,3.58,1.47,1.94,204.88,19.30,26.68,HIGH
RhPbTa,Pb1Rh1Ta1.T0003.ABC,,45,,,77.50,,9,102.91,,,,194.07,26.25,5,6,0,9,9.50,9,2.28,1.92,0.83,135,162.50,35,1.06,1.31,0.97,6.16,1.05,20.27,2.62,0.54,8.56,46.27,21.19,11.66,HIGH
RhSbTi,Rh1Sb1Ti1.T0003.CAB,,45,,,36.50,,29,102.91,,,,84.81,73.89,5,4.50,1,9,9.50,11,2.28,1.79,0.51,135,142.50,5,1.06,1.44,1.29,6.02,0.75,21.07,3.37,0.80,3.88,46.13,20.31,20.01,HIGH
RhSbV,Rh1Sb1V1.T0003.CAB,,45,,,37,,28,102.91,,,,86.35,70.82,5,4.50,1,9,10,10,2.28,1.84,0.42,135,140,10,1.06,1.46,1.24,5.95,0.83,22.23,2.78,1.74,2.75,64.42,21.84,18.02,HIGH
RhSbZr,Rh1Sb1Zr1.T0003.CAB,,45,,,45.50,,11,102.91,,,,106.49,30.54,5,5,0,9,9.50,11,2.28,1.69,0.72,135,150,10,1.06,1.42,1.32,6.21,1.17,19.49,3.41,0.91,2.33,102.41,20.45,21.10,HIGH
RhScTe,Rh1Sc1Te1.T0003.CAB,,45,,,36.50,,31,102.91,,,,86.28,82.64,5,4.50,1,9,9.50,13,2.28,1.73,0.74,135,150,20,1.06,1.50,1.65,6.17,0.41,19.81,3.18,0.98,3.88,90.07,15.85,14.87,HIGH
RhSiTa,Rh1Si1Ta1.T0003.CAB,,45,,,43.50,,59,102.91,,,,104.52,152.86,5,4.50,3,9,9.50,9,2.28,1.70,0.40,135,127.50,35,1.06,1.39,1.11,5.81,0.91,22.75,3.64,1.13,4.29,489.57,27.57,60.08,HIGH
RhSiV,Rh1Si1V1.T0003.CAB,,45,,,18.50,,9,102.91,,,,39.51,22.86,5,3.50,1,9,9.50,9,2.28,1.76,0.27,135,122.50,25,1.06,1.39,1.10,5.60,0.24,24.62,4.41,1.29,2.43,175.56,18.83,45.69,HIGH
RhSnTa,Rh1Sn1Ta1.T0003.CAB,,45,,,61.50,,23,102.91,,,,149.83,62.24,5,5.50,1,9,9.50,9,2.28,1.73,0.46,135,145,0,1.06,1.33,1.01,6.08,1.06,20.84,3.12,0.78,4.69,101.53,21.05,20.30,HIGH
RhSnV,Rh1Sn1V1.T0003.CAB,,45,,,36.50,,27,102.91,,,,84.83,67.77,5,4.50,1,9,9.50,9,2.28,1.79,0.33,135,140,10,1.06,1.34,1,5.92,0.39,22.17,3.18,0.76,2.87,52.77,19.95,12.37,HIGH
RhTeY,Rh1Te1Y1.T0003.CAB,,45,,,45.50,,13,102.91,,,,108.25,38.69,5,5,0,9,9.50,13,2.28,1.66,0.88,135,160,40,1.06,1.49,1.66,6.40,0.16,18.15,2.98,0.66,2.90,33.16,14.44,9.07,HIGH
RuAsCr,As1Cr1Ru1.T0003.BCA,,44,,,28.50,,9,101.07,,,,63.46,22.93,5,4,0,8,10.50,9,2.20,1.92,0.52,130,127.50,25,1,1.52,1.27,5.63,0.54,25.37,3.07,1.89,1.78,160.47,23.91,25.70,HIGH
RuAsNb,As1Nb1Ru1.T0003.BCA,,44,,,37,,8,101.07,,,,83.91,17.98,5,4.50,1,8,10,10,2.20,1.89,0.58,130,130,30,1,1.49,1.34,5.87,0.37,22.56,3.59,1.21,1.39,269.96,24.46,43.74,HIGH
RuAsTa,As1Ru1Ta1.T0003.ABC,,44,,,53,,40,101.07,,,,127.94,106.03,5,5,2,8,10,10,2.20,1.84,0.68,130,130,30,1,1.50,1.33,5.88,0.47,22.74,3.10,1.07,2.56,272.89,28.44,33.37,HIGH
RuAsV,As1Ru1V1.T0003.ABC,,44,,,28,,10,101.07,,,,62.93,23.98,5,4,0,8,10,10,2.20,1.91,0.55,130,125,20,1,1.50,1.32,5.67,0.19,24.64,3.52,1.18,2.77,94.21,24.76,30.04,HIGH
RuBiNb,Bi1Nb1Ru1.T0003.BCA,,44,,,62,,42,101.07,,,,150.94,116.07,5,5.50,1,8,10,10,2.20,1.81,0.42,130,152.50,15,1,1.43,1.22,6.19,0.44,19.75,2.86,1.02,4.35,97.04,23.26,15.97,HIGH
RuBiTa,Bi1Ru1Ta1.T0003.ABC,,44,,,78,,10,101.07,,,,194.96,28.03,5,6,0,8,10,10,2.20,1.76,0.52,130,152.50,15,1,1.44,1.21,6.19,0.49,19.93,2.64,0.63,7.38,56.71,21.09,13.77,HIGH
RuHfTe,Hf1Ru1Te1.T0003.ABC,,44,,,62,,20,101.07,,,,153.04,50.89,5,5.50,1,8,10,12,2.20,1.70,0.80,130,147.50,15,1,1.55,1.54,6.18,0.07,19.99,2.95,0.84,3.08,97.99,20.13,21.74,HIGH
RuNbP,Nb1P1Ru1.T0003.BCA,,44,,,28,,26,101.07,,,,61.94,61.93,5,4,2,8,10,10,2.20,1.90,0.59,130,122.50,45,1,1.50,1.36,5.76,0.29,23.12,3.88,1.55,1.47,329.73,29.52,48.38,HIGH
RuNbSb,Nb1Ru1Sb1.T0003.ABC,,44,,,46,,10,101.07,,,,107.33,28.85,5,5,0,8,10,10,2.20,1.82,0.45,130,145,0,1,1.45,1.26,6.09,0.38,20.52,3.52,0.87,3.15,86.93,22.77,22.70,HIGH
RuPTa,P1Ru1Ta1.T0003.ABC,,44,,,44,,58,101.07,,,,105.96,149.97,5,4.50,3,8,10,10,2.20,1.84,0.69,130,122.50,45,1,1.50,1.35,5.77,0.60,23.31,3.26,1.28,3.47,336.50,32.88,49.63,HIGH
RuSbTa,Ru1Sb1Ta1.T0003.CAB,,44,,,62,,22,101.07,,,,151.35,59.19,5,5.50,1,8,10,10,2.20,1.77,0.55,130,145,0,1,1.46,1.25,6.08,0.67,20.72,3.17,1.05,3.21,144.37,23.59,20.92,HIGH
RuSbV,Ru1Sb1V1.T0003.CAB,,44,,,37,,28,101.07,,,,86.35,70.82,5,4.50,1,8,10,10,2.20,1.84,0.42,130,140,10,1,1.46,1.24,5.91,0.21,22.10,3.27,1.62,2.29,160.46,23.48,15.43,HIGH
RuTeTi,Ru1Te1Ti1.T0003.CAB,,44,,,37,,30,101.07,,,,87.73,79.73,5,4.50,1,8,10,12,2.20,1.82,0.56,130,140,0,1,1.55,1.53,6.02,0.78,21.00,3.32,0.86,3.53,51.12,20.75,22.12,HIGH
RuTeV,Ru1Te1V1.T0003.CAB,,44,,,37.50,,29,101.07,,,,89.27,76.66,5,4.50,1,8,10.50,11,2.20,1.86,0.47,130,137.50,5,1,1.58,1.48,5.95,0.87,22.09,2.48,1.75,2.11,82.06,22.71,21.91,HIGH
RuTeZr,Ru1Te1Zr1.T0003.CAB,,44,,,46,,12,101.07,,,,109.41,36.38,5,5,0,8,10,12,2.20,1.72,0.77,130,147.50,15,1,1.54,1.56,6.21,0.90,19.49,3.35,0.94,2.09,76.46,19.40,21.26,HIGH
SbBaK,Ba1K1Sb1.T0003.BCA,,51,,,37.50,,37,121.76,,,,88.21,98.23,5,5,2,15,1.50,1,2.05,0.85,0.07,145,217.50,5,2.08,0.42,0.15,8.03,1.19,9.45,1.82,0.32,7.30,0.77,2.27,1.60,LOW
SbBaNa,Ba1Na1Sb1.T0003.BCA,,51,,,33.50,,45,121.76,,,,80.16,114.34,5,4.50,3,15,1.50,1,2.05,0.91,0.04,145,197.50,35,2.08,0.45,0.10,7.53,1.26,11.34,1.70,0.63,5.09,2.04,2.84,2.12,LOW
SbCaK,Ca1K1Sb1.T0003.BCA,,51,,,19.50,,1,121.76,,,,39.59,0.98,5,4,0,15,1.50,1,2.05,0.91,0.18,145,200,40,2.08,0.47,0.25,7.56,1.52,11.14,2.38,0.50,5.41,0.72,2.53,2.55,LOW
SbCaLi,Ca1Li1Sb1.T0003.BCA,,51,,,11.50,,17,121.76,,,,23.51,33.14,5,3,2,15,1.50,1,2.05,0.99,0.02,145,162.50,35,2.08,0.53,0.15,6.87,1.58,14.21,2.30,0.47,7.35,0.50,2.66,5.25,LOW
SbCaNa,Ca1Na1Sb1.T0003.BCA,,51,,,15.50,,9,121.76,,,,31.53,17.09,5,3.50,1,15,1.50,1,2.05,0.96,0.07,145,180,0,2.08,0.50,0.20,7.09,1.65,13.34,2.53,0.66,5.14,2.14,2.58,5.92,LOW
SbCdLi,Cd1Li1Sb1.T0003.BCA,,51,,,25.50,,45,121.76,,,,59.68,105.47,5,3.50,3,15,6.50,11,2.05,1.33,0.71,145,150,10,2.08,0.91,0.91,6.53,0.25,16.89,2.20,0.89,5.96,8.16,3.74,5.19,LOW
SbKMg,K1Mg1Sb1.T0003.BCA,,51,,,15.50,,7,121.76,,,,31.70,14.79,5,3.50,1,15,1.50,1,2.05,1.06,0.49,145,185,70,2.08,0.81,0.93,7.22,0.62,12.68,2.42,0.69,5.56,1.30,2.53,2.15,LOW
SbKNa,K1Na1Sb1.T0003.BCA,,51,,,15,,8,121.76,,,,31.04,16.11,5,3.50,1,15,1,0,2.05,0.88,0.11,145,200,40,2.08,0.38,0.05,7.70,1.69,10.70,0.70,0.45,9.12,0.09,2.31,0.00,LOW
SbKSr,K1Sb1Sr1.T0003.ABC,,51,,,28.50,,19,121.76,,,,63.36,48.52,5,4.50,1,15,1.50,1,2.05,0.89,0.13,145,210,20,2.08,0.45,0.20,7.79,1.30,10.29,2.13,0.33,6.28,0.81,2.23,2.81,LOW
SbLiMg,Li1Mg1Sb1.T0003.BCA,,51,,,7.50,,9,121.76,,,,15.62,17.36,5,2.50,1,15,1.50,1,2.05,1.15,0.33,145,147.50,5,2.08,0.86,0.83,6.53,1.19,16.38,2.83,0.62,5.09,0.99,3.50,11.68,LOW
SbLiSr,Li1Sb1Sr1.T0003.ABC,,51,,,20.50,,35,121.76,,,,47.28,80.68,5,3.50,3,15,1.50,1,2.05,0.96,0.03,145,172.50,55,2.08,0.50,0.10,7.16,1.74,12.84,2.00,0.35,4.98,0.32,2.63,2.04,LOW
SbMgNa,Mg1Na1Sb1.T0003.BCA,,51,,,11.50,,1,121.76,,,,23.65,1.32,5,3,0,15,1.50,1,2.05,1.12,0.38,145,165,30,2.08,0.84,0.88,6.82,1.05,14.83,2.68,0.58,5.30,1.89,3.09,6.34,LOW
SbNaSr,Na1Sb1Sr1.T0003.ABC,,51,,,24.50,,27,121.76,,,,55.30,64.63,5,4,2,15,1.50,1,2.05,0.94,0.02,145,190,20,2.08,0.47,0.15,7.30,1.55,12.35,2.14,0.62,4.45,2.88,2.44,3.49,LOW
SbNaTi,Na1Sb1Ti1.T0003.ABC,,51,,,16.50,,11,121.76,,,,35.43,24.88,5,3.50,1,15,2.50,3,2.05,1.24,0.61,145,160,40,2.08,0.59,0.39,6.56,1.71,16.66,2.45,0.56,9.50,3.95,3.17,6.63,LOW
SbSrV,Sb1Sr1V1.T0003.CAB,,51,,,30.50,,15,121.76,,,,69.28,36.68,5,4.50,1,15,3.50,3,2.05,1.29,0.68,145,167.50,65,2.08,0.69,0.29,6.83,1.95,15.01,1.48,1.17,4.68,7.56,2.73,0.16,LOW
SeAgLi,Ag1Li1Se1.T0003.BCA,,34,,,25,,44,78.96,,,,57.40,100.93,4,3.50,3,16,6,10,2.55,1.46,0.95,115,152.50,15,2.40,0.81,0.73,6.04,0.25,21.15,1.76,0.49,5.45,1.21,4.45,4.34,LOW
SeAgNa,Ag1Na1Se1.T0003.BCA,,34,,,29,,36,78.96,,,,65.43,84.88,4,4,2,16,6,10,2.55,1.43,1,115,170,20,2.40,0.79,0.78,6.33,0.12,18.82,2.19,0.41,6.23,0.73,4.74,1.51,LOW
SeCuLi,Cu1Li1Se1.T0003.BCA,,34,,,16,,26,78.96,,,,35.24,56.60,4,3,2,16,6,10,2.55,1.44,0.92,115,140,10,2.40,0.82,0.75,5.62,0.44,25.12,2.86,0.80,5.50,6.10,4.82,8.22,LOW
SeKNa,K1Na1Se1.T0003.BCA,,34,,,15,,8,78.96,,,,31.04,16.11,4,3.50,1,16,1,0,2.55,0.88,0.11,115,200,40,2.40,0.38,0.05,6.96,2.04,14.19,2.19,0.81,3.52,1.15,3.62,1.90,LOW
SeLiNa,Li1Na1Se1.T0003.BCA,,34,,,7,,8,78.96,,,,14.97,16.05,4,2.50,1,16,1,0,2.55,0.95,0.05,115,162.50,35,2.40,0.42,0.05,6.27,2.54,18.56,2.58,0.81,5.53,0.65,3.85,4.30,LOW
SiAgSc,Ag1Sc1Si1.T0003.BCA,,14,,,34,,26,28.09,,,,76.41,62.91,3,4.50,1,14,7,8,1.90,1.65,0.57,110,160,0,1.94,0.93,0.51,6.06,0.31,20.34,3.36,0.56,2.53,13.98,9.29,6.11,LOW
SiAgY,Ag1Si1Y1.T0003.ABC,,14,,,43,,8,28.09,,,,98.39,18.96,3,5,0,14,7,8,1.90,1.57,0.71,110,170,20,1.94,0.92,0.52,6.31,0.49,18.32,2.87,0.51,2.17,8.50,7.32,3.67,LOW
SiAlLi,Al1Li1Si1.T0003.BCA,,14,,,8,,10,28.09,,,,16.96,20.04,3,2.50,1,14,7,12,1.90,1.29,0.63,110,135,20,1.94,1.05,1.21,5.84,0.11,20.87,5.60,1.63,1.99,7.15,6.68,20.91,LOW
SiBaCa,Ba1Ca1Si1.T0003.BCA,,14,,,38,,36,28.09,,,,88.70,97.25,3,5,2,14,2,0,1.90,0.94,0.11,110,197.50,35,1.94,0.55,0.10,7.46,0.29,11.53,2.47,0.45,6.67,1.54,5.21,2.92,LOW
SiBaMg,Ba1Mg1Si1.T0003.BCA,,14,,,34,,44,28.09,,,,80.82,113.02,3,4.50,3,14,2,0,1.90,1.10,0.42,110,182.50,65,1.94,0.89,0.78,7.14,0.47,12.93,2.87,0.60,7.38,2.11,6.47,2.69,LOW
SiBaSr,Ba1Si1Sr1.T0003.ABC,,14,,,47,,18,28.09,,,,112.47,49.71,3,5.50,1,14,2,0,1.90,0.92,0.06,110,207.50,15,1.94,0.53,0.05,7.63,0.17,10.86,2.20,0.43,8.64,0.97,3.66,2.92,LOW
SiCaCd,Ca1Cd1Si1.T0003.BCA,,14,,,34,,28,28.09,,,,76.24,72.33,3,4.50,1,14,7,10,1.90,1.34,0.69,110,167.50,25,1.94,0.98,0.76,6.44,0.65,17.13,3.31,0.48,4.59,9.90,7.31,6.12,LOW
SiCaMg,Ca1Mg1Si1.T0003.BCA,,14,,,16,,8,28.09,,,,32.19,15.77,3,3.50,1,14,2,0,1.90,1.16,0.31,110,165,30,1.94,0.94,0.68,6.60,0.70,15.77,4.40,1.09,1.93,12.85,5.93,7.47,LOW
SiCaSr,Ca1Si1Sr1.T0003.ABC,,14,,,29,,18,28.09,,,,63.85,47.54,3,4.50,1,14,2,0,1.90,0.97,0.05,110,190,20,1.94,0.57,0.05,7.24,0.44,12.49,3.21,0.52,6.66,1.37,4.87,6.08,LOW
SiCaZn,Ca1Si1Zn1.T0003.ABC,,14,,,25,,10,28.09,,,,52.74,25.33,3,4,0,14,7,10,1.90,1.32,0.65,110,157.50,45,1.94,1.02,0.84,6.27,0.68,18.47,3.40,1.64,7.01,9.55,6.52,3.10,LOW
SiCdSr,Cd1Si1Sr1.T0003.ABC,,14,,,43,,10,28.09,,,,100.02,24.79,3,5,0,14,7,10,1.90,1.32,0.74,110,177.50,45,1.94,0.95,0.81,6.66,0.39,15.79,2.83,0.50,2.08,9.06,7.72,3.55,LOW
SiInLi,In1Li1Si1.T0003.BCA,,14,,,26,,46,28.09,,,,60.88,107.88,3,3.50,3,14,7,12,1.90,1.38,0.80,110,150,10,1.94,1.02,1.15,6.12,0.23,19.44,3.43,0.83,6.82,7.27,7.72,14.27,LOW
SiLiSc,Li1Sc1Si1.T0003.BCA,,14,,,12,,18,28.09,,,,25.95,38.01,3,3,2,14,2,2,1.90,1.17,0.38,110,152.50,15,1.94,0.56,0.22,6.13,0.66,18.51,3.95,0.78,1.58,13.35,6.08,71.14,LOW
SiLiY,Li1Si1Y1.T0003.ABC,,14,,,21,,36,28.09,,,,47.92,81.96,3,3.50,3,14,2,2,1.90,1.10,0.24,110,162.50,35,1.94,0.56,0.21,6.44,0.60,16.46,3.13,0.49,0.72,126.87,6.24,27.87,LOW
SiMgSr,Mg1Si1Sr1.T0003.ABC,,14,,,25,,26,28.09,,,,55.96,63.31,3,4,2,14,2,0,1.90,1.13,0.36,110,175,50,1.94,0.92,0.73,6.80,0.92,14.69,3.50,0.52,5.85,2.70,6.77,6.95,LOW
SiNaSc,Na1Sc1Si1.T0003.BCA,,14,,,16,,10,28.09,,,,33.97,21.97,3,3.50,1,14,2,2,1.90,1.15,0.43,110,170,20,1.94,0.54,0.27,6.46,0.63,16.94,3.88,0.98,2.86,6.42,6.11,10.05,LOW
SiNaY,Na1Si1Y1.T0003.ABC,,14,,,25,,28,28.09,,,,55.95,65.92,3,4,2,14,2,2,1.90,1.07,0.29,110,180,0,1.94,0.53,0.26,6.71,0.53,15.30,3.28,0.57,5.45,2.34,6.49,10.29,LOW
SnBaCa,Ba1Ca1Sn1.T0003.BCA,,50,,,38,,36,118.71,,,,88.70,97.25,5,5,2,14,2,0,1.96,0.94,0.11,145,197.50,35,1.84,0.55,0.10,7.84,0.42,10.12,2.05,0.43,6.23,1.30,2.34,1.58,LOW
SnBaK,Ba1K1Sn1.T0003.BCA,,50,,,37.50,,37,118.71,,,,88.21,98.23,5,5,2,14,1.50,1,1.96,0.85,0.07,145,217.50,5,1.84,0.42,0.15,8.09,0.97,9.26,1.68,0.25,10.47,0.31,2.33,0.69,LOW
SnBaMg,Ba1Mg1Sn1.T0003.BCA,,50,,,34,,44,118.71,,,,80.82,113.02,5,4.50,3,14,2,0,1.96,1.10,0.42,145,182.50,65,1.84,0.89,0.78,7.51,0.43,11.42,2.13,0.63,6.91,1.97,3.21,1.61,LOW
SnBaNa,Ba1Na1Sn1.T0003.BCA,,50,,,33.50,,45,118.71,,,,80.16,114.34,5,4.50,3,14,1.50,1,1.96,0.91,0.04,145,197.50,35,1.84,0.45,0.10,7.76,1.11,10.44,1.59,0.41,7.42,0.50,2.92,1.00,LOW
SnBaSc,Ba1Sc1Sn1.T0003.BCA,,50,,,38.50,,35,118.71,,,,91.14,92.37,5,5,2,14,2.50,1,1.96,1.12,0.47,145,187.50,55,1.84,0.58,0.17,7.47,0.56,11.66,1.80,0.64,4.81,1.74,2.82,2.30,LOW
SnBaSr,Ba1Sn1Sr1.T0003.ABC,,50,,,47,,18,118.71,,,,112.47,49.71,5,5.50,1,14,2,0,1.96,0.92,0.06,145,207.50,15,1.84,0.53,0.05,8.03,0.32,9.47,1.89,0.32,3.93,1.40,1.54,1.57,LOW
SnCaCd,Ca1Cd1Sn1.T0003.BCA,,50,,,34,,28,118.71,,,,76.24,72.33,5,4.50,1,14,7,10,1.96,1.34,0.69,145,167.50,25,1.84,0.98,0.76,6.77,0.49,15.35,2.55,0.45,6.31,7.25,3.34,4.49,LOW
SnCaMg,Ca1Mg1Sn1.T0003.BCA,,50,,,16,,8,118.71,,,,32.19,15.77,5,3.50,1,14,2,0,1.96,1.16,0.31,145,165,30,1.84,0.94,0.68,6.99,0.63,13.83,2.95,0.74,4.71,3.11,3.16,5.15,LOW
SnCaNa,Ca1Na1Sn1.T0003.BCA,,50,,,15.50,,9,118.71,,,,31.53,17.09,5,3.50,1,14,1.50,1,1.96,0.96,0.07,145,180,0,1.84,0.50,0.20,7.33,1.12,12.28,1.31,0.53,7.17,0.31,2.64,0.63,LOW
SnCaSr,Ca1Sn1Sr1.T0003.ABC,,50,,,29,,18,118.71,,,,63.85,47.54,5,4.50,1,14,2,0,1.96,0.97,0.05,145,190,20,1.84,0.57,0.05,7.60,0.60,11.01,2.52,0.37,5.77,0.60,2.21,3.20,LOW
SnKLa,K1La1Sn1.T0003.BCA,,50,,,38,,38,118.71,,,,89.00,99.81,5,5,2,14,2,2,1.96,0.96,0.28,145,207.50,25,1.84,0.53,0.35,7.69,0.36,10.72,1.76,0.31,12.00,0.96,2.66,1.88,LOW
SnKY,K1Sn1Y1.T0003.ABC,,50,,,29,,20,118.71,,,,64.00,49.81,5,4.50,1,14,2,2,1.96,1.02,0.40,145,200,40,1.84,0.51,0.31,7.50,0.45,11.50,2.15,0.44,7.18,0.78,2.74,2.26,LOW
SnLiSc,Li1Sc1Sn1.T0003.BCA,,50,,,12,,18,118.71,,,,25.95,38.01,5,3,2,14,2,2,1.96,1.17,0.38,145,152.50,15,1.84,0.56,0.22,6.55,0.64,16.10,2.52,0.39,4.61,7.72,3.09,36.48,LOW
SnMgSr,Mg1Sn1Sr1.T0003.ABC,,50,,,25,,26,118.71,,,,55.96,63.31,5,4,2,14,2,0,1.96,1.13,0.36,145,175,50,1.84,0.92,0.73,7.14,0.82,13.08,2.58,0.41,5.90,1.34,3.29,4.23,LOW
SnNaSc,Na1Sc1Sn1.T0003.BCA,,50,,,16,,10,118.71,,,,33.97,21.97,5,3.50,1,14,2,2,1.96,1.15,0.43,145,170,20,1.84,0.54,0.27,6.86,0.67,14.71,2.58,0.62,5.10,1.51,3.17,6.91,LOW
SnNaY,Na1Sn1Y1.T0003.ABC,,50,,,25,,28,118.71,,,,55.95,65.92,5,4,2,14,2,2,1.96,1.07,0.29,145,180,0,1.84,0.53,0.26,7.03,0.63,13.75,2.40,0.45,6.23,1.82,3.13,8.49,LOW
SrBrCl,Br1Cl1Sr1.T0003.BCA,,38,,,26,,18,87.62,,,,57.68,44.45,5,3.50,1,2,17,0,0.95,3.06,0.20,200,107.50,15,0.55,2.67,0.06,6.98,4.66,14.16,2.58,0.53,6.16,0.58,16.11,2.15,HIGH
TeAgLi,Ag1Li1Te1.T0003.BCA,,52,,,25,,44,127.60,,,,57.40,100.93,5,3.50,3,16,6,10,2.10,1.46,0.95,140,152.50,15,2.32,0.81,0.73,6.38,0.73,18.06,1.69,0.44,8.70,0.25,2.63,1.91,LOW
TeKNa,K1Na1Te1.T0003.BCA,,52,,,15,,8,127.60,,,,31.04,16.11,5,3.50,1,16,1,0,2.10,0.88,0.11,140,200,40,2.32,0.38,0.05,6.86,2.04,14.57,1.20,0.95,4.68,7.04,2.37,1.82,LOW
TeLiNa,Li1Na1Te1.T0003.BCA,,52,,,7,,8,127.60,,,,14.97,16.05,5,2.50,1,16,1,0,2.10,0.95,0.05,140,162.50,35,2.32,0.42,0.05,6.69,2.46,15.49,2.04,0.48,8.39,0.51,2.54,5.68,LOW
TiAuBr,Au1Br1Ti1.T0003.BCA,,22,,,57,,44,47.87,,,,138.44,117.06,4,5,2,4,14,6,1.54,2.75,0.42,140,125,20,0.79,1.90,1.48,6.20,1.19,20.23,2.27,0.90,10.12,0.55,37.67,0.10,HIGH
TiAuCl,Au1Cl1Ti1.T0003.BCA,,22,,,48,,62,47.87,,,,116.21,161.51,4,4.50,3,4,14,6,1.54,2.85,0.62,140,117.50,35,0.79,1.93,1.54,6.06,1.57,21.43,2.55,0.90,5.66,4.77,41.31,0.37,HIGH
TlCdSc,Cd1Sc1Tl1.T0003.BCA,,81,,,34.50,,27,204.38,,,,78.68,67.46,6,4.50,1,13,7.50,9,1.62,1.52,0.33,190,157.50,5,1.56,1.01,0.69,6.54,0.14,17.11,2.32,0.57,8.52,7.72,4.24,9.32,LOW
TlCdY,Cd1Tl1Y1.T0003.ABC,,81,,,43.50,,9,204.38,,,,100.66,23.51,6,5,0,13,7.50,9,1.62,1.46,0.47,190,167.50,25,1.56,1.01,0.70,6.73,0.21,15.81,2.24,0.39,11.41,4.58,4.32,4.58,LOW
TlLaMg,La1Mg1Tl1.T0003.BCA,,81,,,34.50,,45,204.38,,,,81.61,114.60,6,4.50,3,13,2.50,1,1.62,1.21,0.21,190,172.50,45,1.56,0.99,0.57,7.12,0.05,13.29,2.12,0.52,10.32,6.17,5.69,9.98,LOW
TlMgSc,Mg1Sc1Tl1.T0003.BCA,,81,,,16.50,,9,204.38,,,,34.63,20.65,6,3.50,1,13,2.50,1,1.62,1.33,0.05,190,155,10,1.56,0.97,0.61,6.59,0.23,16.36,2.69,0.60,5.02,5.88,3.95,9.81,LOW
TlMgY,Mg1Tl1Y1.T0003.ABC,,81,,,25.50,,27,204.38,,,,56.61,64.60,6,4,2,13,2.50,1,1.62,1.26,0.09,190,165,30,1.56,0.97,0.62,6.82,0.30,14.96,2.50,0.39,13.97,6.26,4.09,8.92,LOW
YBrSe,Br1Se1Y1.T0003.BCA,,39,,,34.50,,1,88.91,,,,79.43,0.94,5,4,0,3,16.50,1,1.22,2.75,0.41,180,115,0,0.66,2.52,0.24,6.76,1.79,15.58,3.59,0.83,5.57,2.81,15.51,2.86,HIGH
YClSe,Cl1Se1Y1.T0003.BCA,,39,,,25.50,,17,88.91,,,,57.21,43.51,5,3.50,1,3,16.50,1,1.22,2.85,0.61,180,107.50,15,0.66,2.55,0.30,6.61,2.43,16.46,4.52,0.85,6.59,1.69,17.21,2.42,HIGH
ZnLiSb,Li1Sb1Zn1.T0003.BCA,,30,,,27,,48,65.41,,,,64.35,114.82,4,3.50,3,12,8,14,1.65,1.51,1.07,135,145,0,1.44,1.26,1.63,6.13,0.47,20.12,2.92,0.83,7.24,1.47,5.67,6.44,LOW
